Sample_ID,Round,Role,Strategy,Sentence_Index,Mean_Entropy,Max_Entropy,Std_Entropy,Text_Content
persona_115_Turn2,2,Persuader,Logical Appeal,1,0.12536245860359885,0.5822031402222432,0.19979902717102777,"The Persuader has initiated the conversation with a friendly greeting, and the Persuadee has responded positively."
persona_115_Turn2,2,Persuader,Logical Appeal,2,0.433829062626674,1.285790638573464,0.40508050872117785,"The conversation is still in the early stages, so it’s important to build rapport and introduce the charity in a way that is engaging and relatable."
persona_115_Turn2,2,Persuader,Logical Appeal,3,0.4119582228154447,1.2373168983484313,0.48243210792590707,A logical appeal can help establish the importance of the cause while keeping the tone conversational.
persona_115_Turn3,3,Persuader,Credibility Appeal,1,0.31551247367584023,1.4849193094896376,0.45383311967725204,The Persuadee has indicated they have heard of Save the Children but are not familiar with its work.
persona_115_Turn3,3,Persuader,Credibility Appeal,2,0.42141722453986075,1.4424276519281163,0.3857519428404227,"This is an opportunity to provide more specific information about the charity's impact and credibility, which can help build trust and interest in donating."
persona_115_Turn3,3,Persuader,Credibility Appeal,3,0.5199537245471599,1.307582683846898,0.47544003552044733,"The next logical step is to explain the charity's mission and what they do, which will serve both as a logical and credibility appeal."
persona_115_Turn4,4,Persuader,Credibility Appeal,1,0.12417697945877527,1.1459398925347548,0.25929089139423955,"The Persuadee is now asking about the transparency of the charity, specifically how much of the donations go directly to helping children."
persona_115_Turn4,4,Persuader,Credibility Appeal,2,0.3651159092369939,1.268618752590259,0.4244097398820349,This indicates they are concerned about the efficiency and accountability of the charity.
persona_115_Turn4,4,Persuader,Credibility Appeal,3,0.5764473307043241,1.4968422460073838,0.5354452638887525,"It's a valid concern, and addressing it with clear, factual information will help build trust and credibility."
persona_115_Turn5,5,Persuader,Source Related Inquiry,1,0.39373256896855036,1.4267200705879102,0.4631931484415763,The Persuadee is showing interest but is also cautious and wants to verify the charity's claims.
persona_115_Turn5,5,Persuader,Source Related Inquiry,2,0.39915045676588695,1.1698338366466945,0.3751555845130822,"They asked for verification of the donation transparency, which is a common concern for potential donors."
persona_115_Turn5,5,Persuader,Source Related Inquiry,3,0.7008601507710501,1.4240232030987543,0.5114448210979096,The best strategy now is to build trust and offer a personal story or a source-related inquiry to address their skepticism while reinforcing the credibility of Save the Children.
persona_115_Turn5,5,Persuader,Source Related Inquiry,4,0.4709360534566737,1.4483578465006444,0.476404991076984,This will make the charity appear more trustworthy and encourage the Persuadee to move forward with a donation.
persona_115_Turn6,6,Persuader,Personal Story,1,0.28256332145799645,1.5653815074184443,0.44742380738725873,"The Persuadee has shown interest in verifying the credibility of Save the Children, specifically asking about the percentage of donations that go directly to children."
persona_115_Turn6,6,Persuader,Personal Story,2,0.5981399433119016,1.3684848261975595,0.48272750568175854,This indicates a need for further trust-building and transparency.
persona_115_Turn6,6,Persuader,Personal Story,3,0.4979374327098506,1.538381979965518,0.4737374281982531,"The Persuader has already provided some credibility by mentioning the 80% figure, and the Persuadee is now seeking a source to confirm it."
persona_115_Turn6,6,Persuader,Personal Story,4,0.7127429288039596,1.4505127228170114,0.47939313452117976,"The next step should be to offer additional evidence of transparency and impact, such as sharing a specific success story or data on how donations are used."
persona_115_Turn6,6,Persuader,Personal Story,5,0.43988616739490255,1.2485238661965983,0.4554820800307018,This will reinforce the Persuader’s message and encourage the Persuadee to consider donating.
persona_115_Turn7,7,Persuader,Foot in the Door,1,0.3058119341528085,1.4273468888697236,0.42101510248317053,"The Persuadee is showing hesitation and needs more time to make a decision, possibly due to a desire to verify information or build confidence in the charity."
persona_115_Turn7,7,Persuader,Foot in the Door,2,0.6882828368885727,1.295849162999892,0.38553849830928616,This is a common response when people are unsure or want to feel more informed.
persona_115_Turn7,7,Persuader,Foot in the Door,3,0.4894511498626779,1.4969208322277576,0.4754225580801936,The Persuader should acknowledge this hesitation while reinforcing the value of the donation and the urgency of the cause.
persona_115_Turn8,8,Persuader,Emotional Appeal,1,0.2746562358419469,1.0109556077978712,0.3378458189470808,The Persuadee has expressed hesitation and a desire to take more time to think about the donation.
persona_115_Turn8,8,Persuader,Emotional Appeal,2,0.5396557594155249,1.401508182646296,0.4427178201226385,They value transparency and have shown interest in verifying the charity's credibility.
persona_115_Turn8,8,Persuader,Emotional Appeal,3,0.4859797360126042,1.5041558098108796,0.42064612960068054,"The previous attempt to use the ""Foot in the Door"" strategy has not been successful, so the next step is to reinforce the emotional and logical appeals while respecting their decision-making process."
persona_115_Turn9,9,Persuader,Personal Story,1,0.37577056823536126,1.3332003129074925,0.39739912528328614,The Persuadee has shown interest but is still hesitant to commit to a donation.
persona_115_Turn9,9,Persuader,Personal Story,2,0.644874509344631,1.3167634808858466,0.47603226530037723,They appreciate the transparency and have requested more time to consider the donation.
persona_115_Turn9,9,Persuader,Personal Story,3,0.659221721831448,1.3055826318404729,0.5166673716086951,"They are likely looking for reassurance, personal connection, and a sense of control over the decision."
persona_115_Turn9,9,Persuader,Personal Story,4,0.577679093325079,1.4842716269081704,0.49742359991262186,The next step is to continue building trust and offering gentle encouragement without being pushy.
persona_115_Turn10,10,Persuader,[Personal Related Inquiry],1,0.2429718534026577,1.4654651501919858,0.35801027493339044,"The Persuadee has expressed hesitation and stated they will pass for now, but they have appreciated the stories and information shared."
persona_115_Turn10,10,Persuader,[Personal Related Inquiry],2,0.5385383479672861,1.397984046680138,0.46919081713117156,This indicates they are open to the cause but still not ready to commit.
persona_115_Turn10,10,Persuader,[Personal Related Inquiry],3,0.3910905937414813,1.3571807050733755,0.44381438125617423,The conversation needs to acknowledge their hesitation while leaving the door open for future engagement.
persona_115_Turn10,10,Persuader,[Personal Related Inquiry],4,0.5847896558949988,1.4941977266395803,0.5590491535936357,The response should reinforce the value of the cause without pressuring the Persuadee and keep the dialogue respectful and positive.
persona_72_Turn2,2,Persuader,Logical Appeal,1,0.13685927161686895,0.7999163234677482,0.25027188464837385,"The Persuader has initiated the conversation with a greeting, and the Persuadee has responded politely."
persona_72_Turn2,2,Persuader,Logical Appeal,2,0.35343785848335235,1.186135680885491,0.41352108812081495,"At this stage, it's important to build rapport and establish a connection to make the Persuadee more receptive to the donation request."
persona_72_Turn2,2,Persuader,Logical Appeal,3,0.49565170364222827,1.0683643374749792,0.34125155724841866,A logical appeal can help set the foundation by introducing the cause and the need for support.
persona_72_Turn3,3,Persuader,Logical Appeal,1,0.22951379811847572,1.0201913388136166,0.30739822195597405,"The Persuadee has expressed a lack of knowledge about Save the Children, indicating that they may not be familiar with the charity's mission or impact."
persona_72_Turn3,3,Persuader,Logical Appeal,2,0.506690499790539,1.570052651310165,0.4103486557503411,This is an opportunity to provide clarity and build trust by explaining what the organization does and how donations can be used effectively.
persona_72_Turn3,3,Persuader,Logical Appeal,3,0.5708363135473226,1.4044687146478416,0.4201846136634339,"The Logical Appeal can be reinforced with a clear, concise explanation of the charity's goals and the value of small donations."
persona_72_Turn4,4,Persuader,Credibility Appeal,1,0.34231911461356,1.0743683545485962,0.3786372868839951,The user is asking about the transparency and efficiency of donations to Save the Children.
persona_72_Turn4,4,Persuader,Credibility Appeal,2,0.5927241906042774,1.483038041609382,0.5296392757506947,This is a key point that can influence their decision to donate.
persona_72_Turn4,4,Persuader,Credibility Appeal,3,0.44994982625705204,1.351719206359159,0.3745373621955225,"By addressing this concern, I can build credibility and trust, which are essential for persuasion."
persona_72_Turn4,4,Persuader,Credibility Appeal,4,0.5165723148450626,1.2391390088147032,0.4297168011099221,"I should provide clear information about the percentage of donations that go directly to the cause, reinforcing the charity's credibility."
persona_72_Turn5,5,Persuader,Personal Story,1,0.22994366255908194,0.8930928975236265,0.28903323598410735,"The Persuadee has expressed hesitation about donating, likely due to uncertainty or a need for more personal connection."
persona_72_Turn5,5,Persuader,Personal Story,2,0.5118104241021707,1.390244058304221,0.46252492541747353,"At this stage, it's important to build trust and offer a more relatable approach."
persona_72_Turn5,5,Persuader,Personal Story,3,0.3489726809745695,1.4234148127888049,0.4461578844869185,Using a personal story or self-modeling could help humanize the cause and make the donation feel more meaningful.
persona_72_Turn5,5,Persuader,Personal Story,4,0.6385051175380081,1.559682856819046,0.522327209303581,"Additionally, reinforcing the impact of small contributions can help alleviate any concerns about the value of a donation."
persona_72_Turn6,6,Persuader,Personal Story,1,0.296130231274282,1.3519512262131679,0.43105405158287163,The Persuadee has expressed hesitance and is indicating a need for more time to think about donating.
persona_72_Turn6,6,Persuader,Personal Story,2,0.5776165938771034,1.4135042913376874,0.43993228994857736,This suggests they may require more personal connection or reassurance before making a decision.
persona_72_Turn6,6,Persuader,Personal Story,3,0.6653371237272128,1.3368662875603405,0.47128873247532893,"The strategy should aim to build further trust and create a sense of urgency or emotional engagement, possibly through another personal story or by reinforcing the ease and impact of donating."
persona_72_Turn7,7,Persuader,Foot in the Door,1,0.29211655396033087,1.4383050172952734,0.40469602034085045,The Persuadee has expressed hesitation and needs more time to decide.
persona_72_Turn7,7,Persuader,Foot in the Door,2,0.6713488707892146,1.373747569853783,0.44201413386406657,They have already shown interest through emotional engagement and logical appeal but are still not ready to commit.
persona_72_Turn7,7,Persuader,Foot in the Door,3,0.44815871460669493,1.4954877685949135,0.5479032047545306,The key now is to respect their decision while leaving the door open for future engagement.
persona_72_Turn7,7,Persuader,Foot in the Door,4,0.5695196001778482,1.4315331815997043,0.4963642860310071,"A subtle reminder of the impact of small donations, paired with a gentle invitation to revisit the offer later, can encourage future action without pushing too hard."
persona_72_Turn8,8,Persuader,[Foot in the Door],1,0.25068309569972264,0.9284196655256407,0.3274863991616024,The Persuadee is showing hesitation and is not ready to commit to a donation at this time.
persona_72_Turn8,8,Persuader,[Foot in the Door],2,0.42340551914570934,1.4463134552703492,0.5025837452731787,"They appreciate the information and the stories, but they need more time to decide."
persona_72_Turn8,8,Persuader,[Foot in the Door],3,0.2173211072797543,0.9464052804840765,0.3206160375988709,"The Persuader has already used a variety of strategies, including logical, emotional, and credibility appeals, as well as personal stories and the foot-in-the-door technique."
persona_72_Turn8,8,Persuader,[Foot in the Door],4,0.4895062253043866,1.3983127120272545,0.5421888796381037,"The next step should be to reinforce the message without being pushy, while leaving the door open for future engagement."
persona_72_Turn9,9,Persuader,[Foot in the Door],1,0.28201203742054787,1.4490830641983377,0.4039793643110767,The Persuadee has expressed hesitation and needs more time to decide.
persona_72_Turn9,9,Persuader,[Foot in the Door],2,0.4458388287158165,1.324292794569405,0.40400207736778154,"They are not ready to commit, but they are showing openness to the cause."
persona_72_Turn9,9,Persuader,[Foot in the Door],3,0.5402388993214509,1.3958891550364372,0.4791565162097523,The conversation is at a stage where the Persuader needs to acknowledge the hesitance while reinforcing the importance of even small contributions.
persona_72_Turn9,9,Persuader,[Foot in the Door],4,0.6023583563528659,1.530448717912569,0.5041645898138016,It’s also important to maintain the door open for future engagement and remind them of the impact of their potential support.
persona_72_Turn10,10,Persuader,Foot in the Door,1,0.35718162113246504,1.3277930078458977,0.44880049404210304,The Persuadee has expressed hesitation and is still not ready to commit to donating.
persona_72_Turn10,10,Persuader,Foot in the Door,2,0.4251036785101718,1.3768628708808262,0.4962394342720428,They acknowledge the potential impact of donations but need more time to decide.
persona_72_Turn10,10,Persuader,Foot in the Door,3,0.3253608576454395,1.3961222336526176,0.47432016169026325,The Persuader has already used the Foot in the Door technique to leave the door open for future donations.
persona_72_Turn10,10,Persuader,Foot in the Door,4,0.5843737202770775,1.4398506479727027,0.5056922668484842,"The next step should be to reinforce the idea that the decision is theirs and that they are not being pressured, while also reminding them that even a small donation can make a difference."
persona_72_Turn10,10,Persuader,Foot in the Door,5,0.4287714788112586,1.213270285535567,0.4287201836875007,This will maintain a positive relationship and leave the door open for future engagement.
persona_53_Turn2,2,Persuader,Emotion Appeal,1,0.17284247960429408,0.8687406392160604,0.26906659804774485,The Persuadee is feeling stressed and is questioning the purpose of the conversation.
persona_53_Turn2,2,Persuader,Emotion Appeal,2,0.623909543368458,1.3791549186282002,0.47137746456784146,This suggests a need to build trust and show empathy before moving on to the main request.
persona_53_Turn2,2,Persuader,Emotion Appeal,3,0.3958304818819414,1.3897196408140808,0.4713737727453349,"The greeting has been made, and the Persuadee is now engaged in asking for clarification."
persona_53_Turn2,2,Persuader,Emotion Appeal,4,0.4333734640685702,1.2860449681956068,0.4478031409205341,The next step should be to provide a logical and emotional appeal that connects the charity's mission to the Persuadee's values.
persona_53_Turn3,3,Persuader,Credibility Appeal,1,0.23580068491761919,1.0767190344626019,0.332406666920377,"The Persuadee is asking for more specific information on how donations are used, indicating a need for transparency and trust."
persona_53_Turn3,3,Persuader,Credibility Appeal,2,0.4368576002070895,1.4068640524263174,0.38581656794188984,"This is a common concern when people are asked to donate, so the Persuader should address this by providing clear and credible information about the charity’s operations and impact."
persona_53_Turn3,3,Persuader,Credibility Appeal,3,0.3526467296234719,1.1211124706330169,0.426137738913714,This will help build credibility and encourage the Persuadee to consider donating.
persona_53_Turn4,4,Persuader,Credibility Appeal,1,0.30144131656951734,1.419313304625387,0.41080134601704027,The Persuadee is skeptical about the transparency and effectiveness of the charity.
persona_53_Turn4,4,Persuader,Credibility Appeal,2,0.29487004797782407,0.8567735206402839,0.3408417298364859,They are asking for concrete proof to ensure that donations are not wasted on overhead or mismanagement.
persona_53_Turn4,4,Persuader,Credibility Appeal,3,0.5604577954243654,1.4640335680117722,0.43839092041318045,"This shows a need for trust and reassurance, which can be addressed by reinforcing credibility and providing specific examples of how funds are used."
persona_53_Turn5,5,Persuader,Credibility Appeal,1,0.3041308243300745,1.4298212543812427,0.43107567933933466,"The Persuadee is seeking concrete evidence of transparency and impact, specifically how much of the donation goes directly to children versus administrative costs."
persona_53_Turn5,5,Persuader,Credibility Appeal,2,0.4881757254791708,1.104412330385201,0.35909024996350114,This indicates a need for additional reassurance about the charity’s accountability and efficiency.
persona_53_Turn5,5,Persuader,Credibility Appeal,3,0.5738535331818818,1.4741383353793682,0.4519068221334421,"The Persuader should address this concern directly by providing clear, verifiable information and reinforcing the credibility of Save the Children."
persona_53_Turn6,6,Persuader,Foot in the Door,1,0.3198540791560648,1.2462630427836212,0.39336657712268347,The Persuadee is showing hesitation and a need for more transparency and time to consider the donation.
persona_53_Turn6,6,Persuader,Foot in the Door,2,0.5052166952304956,1.2363694537995984,0.41638238504863456,They have already asked about the percentage of donations that go to programs versus overhead and are still not fully convinced.
persona_53_Turn6,6,Persuader,Foot in the Door,3,0.7067437169911477,1.4820676951618132,0.5377188803535264,"The Persuader should now use a strategy that builds trust and reassures the Persuadee by providing reassurance, offering a follow-up, and using a gentle but persistent approach to encourage a commitment."
persona_53_Turn7,7,Persuader,Personal Story,1,0.23513527766418424,0.7496313680511619,0.26946682439507713,"The Persuadee is still hesitant, expressing doubt about the impact of even a small donation."
persona_53_Turn7,7,Persuader,Personal Story,2,0.2821748906186362,1.166960421327421,0.37617346671634727,"They need reassurance that their contribution, no matter how small, will make a real difference."
persona_53_Turn7,7,Persuader,Personal Story,3,0.6236585856958687,1.3404083269577862,0.46617511421334695,The Persuader should focus on reinforcing the value of every contribution while also addressing the emotional and logical concerns.
persona_53_Turn7,7,Persuader,Personal Story,4,0.43139711749813425,1.3133098070011844,0.42370540632928383,A personal story or emotional appeal can help make the cause more relatable.
persona_53_Turn8,8,Persuader,Personal Story,1,0.3628958252388594,1.0839426907304555,0.40551583009136094,"The Persuadee is still skeptical about the impact of small donations, questioning whether even a small amount would truly make a difference."
persona_53_Turn8,8,Persuader,Personal Story,2,0.6852082888646268,1.4555247631932298,0.5128414162593178,This indicates a need to shift from general appeals to a more specific and tangible example that reinforces the value of even small contributions.
persona_53_Turn9,9,Persuader,[Emotion Appeal],1,0.28001968518044196,1.326434905150962,0.3874608676766355,The Persuadee has expressed uncertainty about the impact of small donations and is still hesitant to commit.
persona_53_Turn9,9,Persuader,[Emotion Appeal],2,0.5529201049231138,1.4331331098711089,0.4595366873846554,They have shown openness to the idea of contributing but need reassurance that even modest amounts can make a difference.
persona_53_Turn9,9,Persuader,[Emotion Appeal],3,0.4768146604635702,1.2522256249937054,0.3875324364390246,"The last response emphasized the cumulative power of small donations, which is a logical and emotional appeal."
persona_53_Turn9,9,Persuader,[Emotion Appeal],4,0.8090016778069143,1.46763463944837,0.4928009854403619,The next step is to reinforce this idea with a concrete example or a compelling story to encourage action.
persona_53_Turn10,10,Persuader,Emotion Appeal + Foot in the Door,1,0.2440898279158775,0.8802928626537849,0.28815389834483973,The Persuadee is still skeptical about the impact of small donations and is hesitant to commit.
persona_53_Turn10,10,Persuader,Emotion Appeal + Foot in the Door,2,0.4941009737292367,1.368020829930012,0.46483658417530177,They feel that even a small amount might not make a significant difference.
persona_53_Turn10,10,Persuader,Emotion Appeal + Foot in the Door,3,0.36862553105678514,1.4281495066508403,0.4879636607877748,"The Persuader has already used emotional, credibility, and personal story appeals, but the Persuadee still needs reassurance about the cumulative effect of their contribution."
persona_53_Turn10,10,Persuader,Emotion Appeal + Foot in the Door,4,0.4569834100086178,1.4204489534572458,0.4407909744075457,"The next step should focus on reinforcing the power of collective action and showing how even small contributions, when combined, can lead to substantial change."
persona_53_Turn10,10,Persuader,Emotion Appeal + Foot in the Door,5,0.5928920734067932,1.4793150323313933,0.45397326968907453,"This aligns with the emotional appeal and the foot in the door technique, as it encourages a small commitment without pressure."
