Sample_ID,Round,Phase,Sentence_Index,Text,Mean_Entropy,Max_Entropy,Std_Entropy,Strategy_Used
persona_115_T2,2,state_analysis,1,">The Persuadee has shown a genuine concern for animals, which is a positive starting point.",0.39990212246786455,1.4227046253787492,0.5162018893910658,Emotion Appeal
persona_115_T2,2,state_analysis,2,"By connecting their care for pets to the need for care for children, the Persuader can evoke an emotional response.",0.466555640759074,1.2639224476092872,0.421690345628557,Emotion Appeal
persona_115_T2,2,state_analysis,3,"The Persuadee might be interested in how their values align with the charity's mission, and may be more open to donating if they feel a personal connection.",0.4411814808948931,1.4311653854239132,0.43996832833097055,Emotion Appeal
persona_115_T2,2,state_analysis,4,The Persuader should continue to build on this emotional connection while providing clear information about the impact of donations.,0.3164566125202147,1.3539920794420264,0.37282222506572954,Emotion Appeal
persona_115_T2,2,strategy,1,Emotion Appeal,0.15835052815923503,0.4750515844777051,0.22394146453173291,Emotion Appeal
persona_115_T2,2,response,1,That's wonderful that you care so much about your pets!,0.38697614357591453,1.047670829578747,0.397958097664647,Emotion Appeal
persona_115_T2,2,response,2,It's amazing how our love and dedication can make a difference.,0.4261348746248983,1.4487314528011024,0.4720537231354083,Emotion Appeal
persona_115_T2,2,response,3,"Just like you care for your pets, there are children in need who also deserve our care and support.",0.4184922707099754,1.4135455084865023,0.5282378890595405,Emotion Appeal
persona_115_T2,2,response,4,"Donating to Save the Children can help provide them with food, education, and a safer future.",0.30915958051322545,1.3335766063932506,0.4327732966574028,Emotion Appeal
persona_115_T2,2,response,5,Even a small amount can make a big difference in a child's life.,0.32240577709052193,0.9650123358206346,0.34338547864106844,Emotion Appeal
persona_115_T2,2,response,6,Would you like to learn more about how your donation can help?</,0.09073424065715449,1.0201913388136166,0.2716274125925272,Emotion Appeal
persona_115_T2,2,overall,1,<strategy>Emotion Appeal</strategy><response>That's wonderful that you care so much about your pets!,0.2407857395471455,1.047670829578747,0.3467524835968163,Emotion Appeal
persona_115_T2,2,overall,2,It's amazing how our love and dedication can make a difference.,0.4261348746248983,1.4487314528011024,0.4720537231354083,Emotion Appeal
persona_115_T2,2,overall,3,"Just like you care for your pets, there are children in need who also deserve our care and support.",0.4184922707099754,1.4135455084865023,0.5282378890595405,Emotion Appeal
persona_115_T2,2,overall,4,"Donating to Save the Children can help provide them with food, education, and a safer future.",0.30915958051322545,1.3335766063932506,0.4327732966574028,Emotion Appeal
persona_115_T2,2,overall,5,Even a small amount can make a big difference in a child's life.,0.32240577709052193,0.9650123358206346,0.34338547864106844,Emotion Appeal
persona_115_T2,2,overall,6,Would you like to learn more about how your donation can help?</,0.09073424065715449,1.0201913388136166,0.2716274125925272,Emotion Appeal
persona_115_T2,2,overall,7,"response><state_analysis>The Persuadee has shown a genuine concern for animals, which is a positive starting point.",0.33325176872322043,1.4227046253787492,0.4942317342237878,Emotion Appeal
persona_115_T2,2,overall,8,"By connecting their care for pets to the need for care for children, the Persuader can evoke an emotional response.",0.466555640759074,1.2639224476092872,0.421690345628557,Emotion Appeal
persona_115_T2,2,overall,9,"The Persuadee might be interested in how their values align with the charity's mission, and may be more open to donating if they feel a personal connection.",0.4411814808948931,1.4311653854239132,0.43996832833097055,Emotion Appeal
persona_115_T2,2,overall,10,The Persuader should continue to build on this emotional connection while providing clear information about the impact of donations.,0.3164566125202147,1.3539920794420264,0.37282222506572954,Emotion Appeal
persona_115_T3,3,state_analysis,1,">The Persuadee is seeking reassurance about the legitimacy and impact of the charity, which indicates they are looking for trust and transparency.",0.3500166078356723,1.2477673648336678,0.44245201290343655,Credibility Appeal
persona_115_T3,3,state_analysis,2,This is a critical moment where credibility can make a difference.,0.7481092943811428,1.278172787454705,0.4291877855023124,Credibility Appeal
persona_115_T3,3,state_analysis,3,"They may be hesitant due to concerns about how their money is used, so reinforcing the charity's reliability and efficiency will help build trust.",0.5314947563978561,1.4201768942361057,0.42940397322179885,Credibility Appeal
persona_115_T3,3,state_analysis,4,The Persuadee might be more inclined to donate if they feel confident about the organization's track record and how their contribution will be used.,0.36096794780190516,1.3456249837416085,0.4188556931160255,Credibility Appeal
persona_115_T3,3,state_analysis,5,It is likely that they will ask further questions about specific programs or want to see evidence of the charity's work in action.,0.4700506637705406,1.2892965387112891,0.42277124905182273,Credibility Appeal
persona_115_T3,3,state_analysis,6,This is an opportunity to provide more detailed information and encourage a commitment to donate.,0.710902041347952,1.3784333787266514,0.4456144910552954,Credibility Appeal
persona_115_T3,3,strategy,1,>Credibility Appeal,1.842068074395235e-18,1.842068074395235e-18,0.0,Credibility Appeal
persona_115_T3,3,response,1,Save the Children is a well-established organization with a strong reputation for transparency and effectiveness.,0.26698028960475284,0.7496313680511619,0.3144155027232008,Credibility Appeal
persona_115_T3,3,response,2,They are registered as a charity in the UK and have been working to help children in need for decades.,0.30758107323832284,1.3788162000129407,0.4041125134858525,Credibility Appeal
persona_115_T3,3,response,3,Their programs are carefully designed to ensure that every donation is used efficiently and responsibly.,0.5544192858618011,1.2426870822415896,0.40710456705333525,Credibility Appeal
persona_115_T3,3,response,4,"For instance, over 90% of every donation goes directly to programs that support children, while the rest covers administrative costs and fundraising.",0.3673551476933811,1.4495353314576656,0.4151266868105748,Credibility Appeal
persona_115_T3,3,response,5,Would you like to know more about a specific program or how your contribution can be used?</,0.258322843735773,1.170759764146808,0.35317574832745,Credibility Appeal
persona_115_T3,3,overall,1,<strategy>Credibility Appeal</strategy><response>Save the Children is a well-established organization with a strong reputation for transparency and effectiveness.,0.18450542490752228,0.7496313680511619,0.2886459626654689,Credibility Appeal
persona_115_T3,3,overall,2,They are registered as a charity in the UK and have been working to help children in need for decades.,0.30758107323832284,1.3788162000129407,0.4041125134858525,Credibility Appeal
persona_115_T3,3,overall,3,Their programs are carefully designed to ensure that every donation is used efficiently and responsibly.,0.5544192858618011,1.2426870822415896,0.40710456705333525,Credibility Appeal
persona_115_T3,3,overall,4,"For instance, over 90% of every donation goes directly to programs that support children, while the rest covers administrative costs and fundraising.",0.3673551476933811,1.4495353314576656,0.4151266868105748,Credibility Appeal
persona_115_T3,3,overall,5,Would you like to know more about a specific program or how your contribution can be used?</,0.258322843735773,1.170759764146808,0.35317574832745,Credibility Appeal
persona_115_T3,3,overall,6,"response><state_analysis>The Persuadee is seeking reassurance about the legitimacy and impact of the charity, which indicates they are looking for trust and transparency.",0.3062645318562133,1.2477673648336678,0.42975925798591175,Credibility Appeal
persona_115_T3,3,overall,7,This is a critical moment where credibility can make a difference.,0.7481092943811428,1.278172787454705,0.4291877855023124,Credibility Appeal
persona_115_T3,3,overall,8,"They may be hesitant due to concerns about how their money is used, so reinforcing the charity's reliability and efficiency will help build trust.",0.5314947563978561,1.4201768942361057,0.42940397322179885,Credibility Appeal
persona_115_T3,3,overall,9,The Persuadee might be more inclined to donate if they feel confident about the organization's track record and how their contribution will be used.,0.36096794780190516,1.3456249837416085,0.4188556931160255,Credibility Appeal
persona_115_T3,3,overall,10,It is likely that they will ask further questions about specific programs or want to see evidence of the charity's work in action.,0.4700506637705406,1.2892965387112891,0.42277124905182273,Credibility Appeal
persona_115_T3,3,overall,11,This is an opportunity to provide more detailed information and encourage a commitment to donate.,0.710902041347952,1.3784333787266514,0.4456144910552954,Credibility Appeal
persona_115_T4,4,state_analysis,1,">The Persuadee is showing interest in the specific impact of donations, particularly in areas with severe food shortages.",0.18807639553011246,0.9539304701445789,0.2667147275952827,Logical Appeal
persona_115_T4,4,state_analysis,2,They are likely seeking reassurance that their contribution will be used effectively in the most critical situations.,0.29412179940709726,1.2390075076278442,0.40106925325091736,Logical Appeal
persona_115_T4,4,state_analysis,3,This suggests they are open to learning more about the direct impact of their donation and may be more willing to donate if they see clear evidence of how their support addresses urgent needs.,0.4303912315307196,1.3569398096639562,0.4244097769670632,Logical Appeal
persona_115_T4,4,state_analysis,4,They may also be looking for additional information to build trust and confidence in the charity's mission and effectiveness.,0.3689249735206464,1.3905425884662443,0.37553925982822917,Logical Appeal
persona_115_T4,4,strategy,1,Logical Appeal,0.5030923661160547,1.0061847322321094,0.5030923661160547,Logical Appeal
persona_115_T4,4,response,1,"Save the Children does prioritize helping children in areas with severe food shortages, as well as in war zones and regions affected by poverty.",0.18999763468405367,1.1359564026746527,0.3724900349536391,Logical Appeal
persona_115_T4,4,response,2,"Their programs are specifically designed to address critical needs such as hunger, access to clean water, and education.",0.27363845171566303,1.0259921845733557,0.3678979714568518,Logical Appeal
persona_115_T4,4,response,3,"For example, in regions facing food insecurity, they provide nutritious meals and support local farming initiatives to ensure long-term food security.",0.38735981968072397,1.0960715220080446,0.40569241234510045,Logical Appeal
persona_115_T4,4,response,4,This targeted approach ensures that donations are used where they are most needed.,0.19518974079585447,0.7588387588853712,0.2821315265832369,Logical Appeal
persona_115_T4,4,response,5,Would you like to know more about a specific region or program they support?</,0.32533751131671906,1.2675984119617802,0.42976669670466616,Logical Appeal
persona_115_T4,4,overall,1,"<strategy>Logical Appeal</strategy><response>Save the Children does prioritize helping children in areas with severe food shortages, as well as in war zones and regions affected by poverty.",0.18420884770307605,1.1359564026746527,0.365400698457641,Logical Appeal
persona_115_T4,4,overall,2,"Their programs are specifically designed to address critical needs such as hunger, access to clean water, and education.",0.27363845171566303,1.0259921845733557,0.3678979714568518,Logical Appeal
persona_115_T4,4,overall,3,"For example, in regions facing food insecurity, they provide nutritious meals and support local farming initiatives to ensure long-term food security.",0.38735981968072397,1.0960715220080446,0.40569241234510045,Logical Appeal
persona_115_T4,4,overall,4,This targeted approach ensures that donations are used where they are most needed.,0.19518974079585447,0.7588387588853712,0.2821315265832369,Logical Appeal
persona_115_T4,4,overall,5,Would you like to know more about a specific region or program they support?</,0.32533751131671906,1.2675984119617802,0.42976669670466616,Logical Appeal
persona_115_T4,4,overall,6,"response><state_analysis>The Persuadee is showing interest in the specific impact of donations, particularly in areas with severe food shortages.",0.16021322582194766,0.9539304701445789,0.25507257211237183,Logical Appeal
persona_115_T4,4,overall,7,They are likely seeking reassurance that their contribution will be used effectively in the most critical situations.,0.29412179940709726,1.2390075076278442,0.40106925325091736,Logical Appeal
persona_115_T4,4,overall,8,This suggests they are open to learning more about the direct impact of their donation and may be more willing to donate if they see clear evidence of how their support addresses urgent needs.,0.4303912315307196,1.3569398096639562,0.4244097769670632,Logical Appeal
persona_115_T4,4,overall,9,They may also be looking for additional information to build trust and confidence in the charity's mission and effectiveness.,0.3689249735206464,1.3905425884662443,0.37553925982822917,Logical Appeal
persona_115_T5,5,state_analysis,1,>The Persuadee is showing hesitation and is looking for a way to feel comfortable before committing.,0.33771905780841716,1.1845098787573747,0.3429039436844527,Foot in the Door
persona_115_T5,5,state_analysis,2,They are likely assessing the value and trustworthiness of the charity.,0.4824478512193453,1.1615331718440394,0.5041305226409484,Foot in the Door
persona_115_T5,5,state_analysis,3,"The Foot in the Door strategy is appropriate because it respects their hesitation while encouraging a small, low-pressure action that could lead to future donations.",0.46634883170154534,1.2818770795686398,0.4348705666315317,Foot in the Door
persona_115_T5,5,state_analysis,4,The Persuadee may need more time to process or may be looking for reassurance before making a commitment.,0.5080957398093103,1.373595615951421,0.44256744042447715,Foot in the Door
persona_115_T5,5,state_analysis,5,It's important to maintain an empathetic and encouraging tone to keep the conversation open and positive.</,0.47909512008433436,1.4288678106237462,0.4355400629014752,Foot in the Door
persona_115_T5,5,strategy,1,Foot in the Door,1.842068074395235e-18,1.842068074395235e-18,0.0,Foot in the Door
persona_115_T5,5,response,1,That's completely understandable—everyone needs time to feel ready.,0.4176038933385704,1.2082773928378643,0.371777452038407,Foot in the Door
persona_115_T5,5,response,2,"However, even a small step, like signing up for their newsletter or sharing their mission with others, can be the beginning of a meaningful impact.",0.32595804687559354,1.3031810351059323,0.43576056658341417,Foot in the Door
persona_115_T5,5,response,3,"It's a gentle way to stay informed and inspired, and it can lead to a donation when you're ready.",0.3606217446511317,1.484343129303685,0.43792098545637503,Foot in the Door
persona_115_T5,5,response,4,Would you be open to taking that small step with me?</,0.13893735123575945,0.6628473073993157,0.22609046873260547,Foot in the Door
persona_115_T5,5,overall,1,<response>That's completely understandable—everyone needs time to feel ready.,0.3340831146708563,1.2082773928378643,0.3721258670831432,Foot in the Door
persona_115_T5,5,overall,2,"However, even a small step, like signing up for their newsletter or sharing their mission with others, can be the beginning of a meaningful impact.",0.32595804687559354,1.3031810351059323,0.43576056658341417,Foot in the Door
persona_115_T5,5,overall,3,"It's a gentle way to stay informed and inspired, and it can lead to a donation when you're ready.",0.3606217446511317,1.484343129303685,0.43792098545637503,Foot in the Door
persona_115_T5,5,overall,4,Would you be open to taking that small step with me?</,0.13893735123575945,0.6628473073993157,0.22609046873260547,Foot in the Door
persona_115_T5,5,overall,5,response>,1.842068074395235e-18,1.842068074395235e-18,0.0,Foot in the Door
persona_115_T5,5,overall,6,<state_analysis>The Persuadee is showing hesitation and is looking for a way to feel comfortable before committing.,0.29366874592036274,1.1845098787573747,0.3393853067729195,Foot in the Door
persona_115_T5,5,overall,7,They are likely assessing the value and trustworthiness of the charity.,0.4824478512193453,1.1615331718440394,0.5041305226409484,Foot in the Door
persona_115_T5,5,overall,8,"The Foot in the Door strategy is appropriate because it respects their hesitation while encouraging a small, low-pressure action that could lead to future donations.",0.46634883170154534,1.2818770795686398,0.4348705666315317,Foot in the Door
persona_115_T5,5,overall,9,The Persuadee may need more time to process or may be looking for reassurance before making a commitment.,0.5080957398093103,1.373595615951421,0.44256744042447715,Foot in the Door
persona_115_T5,5,overall,10,It's important to maintain an empathetic and encouraging tone to keep the conversation open and positive.</,0.47909512008433436,1.4288678106237462,0.4355400629014752,Foot in the Door
persona_115_T5,5,overall,11,state_analysis><|im_end|>,1.842068074395235e-18,1.842068074395235e-18,0.0,Foot in the Door
persona_115_T6,6,state_analysis,1,">The Persuadee is showing a willingness to engage and learn more, which is a positive sign.",0.25470962868928093,1.0415409962518107,0.3202983573725591,Self Modeling
persona_115_T6,6,state_analysis,2,They are likely feeling more connected to the cause through the newsletter.,0.6049742563571724,1.4389780622062822,0.5483574970917001,Self Modeling
persona_115_T6,6,state_analysis,3,This opens the door for further emotional and logical engagement.,0.5231756456131527,1.5045075580487874,0.45301455455338013,Self Modeling
persona_115_T6,6,state_analysis,4,"They may be more inclined to donate in the future once they see the real-life impact of the charity's work, especially if they receive personal stories that resonate with them.",0.39188620020099507,1.179484880036031,0.40262880597691636,Self Modeling
persona_115_T6,6,state_analysis,5,"This also creates a sense of shared experience, which can increase their commitment to the cause.",0.5545265561052517,1.4703234220691948,0.48962663607785356,Self Modeling
persona_115_T6,6,state_analysis,6,The Persuader should continue to highlight the tangible benefits and stories to maintain this momentum toward a potential donation.,0.7422170096193695,1.3944330312715496,0.42195005556665277,Self Modeling
persona_115_T6,6,strategy,1,Self Modeling,0.13426758683945864,0.26853517367891727,0.13426758683945864,Self Modeling
persona_115_T6,6,response,1,That's a fantastic idea!,0.20197166889760834,0.4750515844777051,0.14127861779137102,Self Modeling
persona_115_T6,6,response,2,"By staying informed through their newsletter, you'll be able to see firsthand how your future donations can make a real difference.",0.26886783903367467,1.2083972681358994,0.3770338785366197,Self Modeling
persona_115_T6,6,response,3,"I recently signed up myself, and it's been inspiring to learn about the impact of small contributions.",0.4277858849333354,1.259582124320989,0.457643789863272,Self Modeling
persona_115_T6,6,response,4,It’s like getting a peek into the lives of the children they help—each story reminds me why this work matters so much.,0.48500112014216856,1.474256631238474,0.4697276930259357,Self Modeling
persona_115_T6,6,response,5,I’d love to share some of those stories with you once you're on board.,0.43314066777093996,1.3719371845210075,0.48426635650430694,Self Modeling
persona_115_T6,6,response,6,Would you like me to send you a sample story from the newsletter?</,0.2550068918700486,1.1650880274758046,0.3897303735249942,Self Modeling
persona_115_T6,6,overall,1,<strategy>Self Modeling</strategy><response>That's a fantastic idea!,0.13174076007464958,0.6274869741298253,0.1858551542294733,Self Modeling
persona_115_T6,6,overall,2,"By staying informed through their newsletter, you'll be able to see firsthand how your future donations can make a real difference.",0.26886783903367467,1.2083972681358994,0.3770338785366197,Self Modeling
persona_115_T6,6,overall,3,"I recently signed up myself, and it's been inspiring to learn about the impact of small contributions.",0.4277858849333354,1.259582124320989,0.457643789863272,Self Modeling
persona_115_T6,6,overall,4,It’s like getting a peek into the lives of the children they help—each story reminds me why this work matters so much.,0.48500112014216856,1.474256631238474,0.4697276930259357,Self Modeling
persona_115_T6,6,overall,5,I’d love to share some of those stories with you once you're on board.,0.43314066777093996,1.3719371845210075,0.48426635650430694,Self Modeling
persona_115_T6,6,overall,6,Would you like me to send you a sample story from the newsletter?</,0.2550068918700486,1.1650880274758046,0.3897303735249942,Self Modeling
persona_115_T6,6,overall,7,"response><state_analysis>The Persuadee is showing a willingness to engage and learn more, which is a positive sign.",0.213956088098996,1.0415409962518107,0.30805184599146784,Self Modeling
persona_115_T6,6,overall,8,They are likely feeling more connected to the cause through the newsletter.,0.6049742563571724,1.4389780622062822,0.5483574970917001,Self Modeling
persona_115_T6,6,overall,9,This opens the door for further emotional and logical engagement.,0.5231756456131527,1.5045075580487874,0.45301455455338013,Self Modeling
persona_115_T6,6,overall,10,"They may be more inclined to donate in the future once they see the real-life impact of the charity's work, especially if they receive personal stories that resonate with them.",0.39188620020099507,1.179484880036031,0.40262880597691636,Self Modeling
persona_115_T6,6,overall,11,"This also creates a sense of shared experience, which can increase their commitment to the cause.",0.5545265561052517,1.4703234220691948,0.48962663607785356,Self Modeling
persona_115_T6,6,overall,12,The Persuader should continue to highlight the tangible benefits and stories to maintain this momentum toward a potential donation.,0.7422170096193695,1.3944330312715496,0.42195005556665277,Self Modeling
persona_115_T7,7,state_analysis,1,">The Persuadee is showing interest in understanding the real-life impact of donations through personal stories, which can create an emotional connection.",0.3123704557142058,0.8980109212118869,0.364834519512062,Personal Story
persona_115_T7,7,state_analysis,2,They are likely more receptive to the charity's mission when they can relate to individual experiences.,0.5646942754117261,1.3482426242201613,0.4244289436589853,Personal Story
persona_115_T7,7,state_analysis,3,This suggests that the Persuadee may be more open to donating after seeing the tangible outcomes of their support.,0.5792565868235101,1.319672544800751,0.5387454422038662,Personal Story
persona_115_T7,7,state_analysis,4,The next step could be to encourage them to make a donation or continue engaging with the charity’s stories and programs.</,0.4378702625637705,1.3731655518730939,0.43260023985304674,Personal Story
persona_115_T7,7,strategy,1,Personal Story,1.842068074395235e-18,1.842068074395235e-18,0.0,Personal Story
persona_115_T7,7,response,1,That's a wonderful idea!,0.31023805945704996,0.6853952832932325,0.2700363365385466,Personal Story
persona_115_T7,7,response,2,I recently received a story about a child named Amina in Kenya who was struggling to go to school because her family couldn't afford books and uniforms.,0.30741786129509685,1.3777369086195115,0.36939677576735463,Personal Story
persona_115_T7,7,response,3,"With the help of a small donation, Save the Children provided her with a scholarship and school supplies, and now she's excelling in her studies.",0.20311633511917881,0.845012980560536,0.24810303245660695,Personal Story
persona_115_T7,7,response,4,Reading about her journey made me realize how even a small contribution can transform a child's life.,0.2870013679137487,0.9875656238193011,0.32811142531103143,Personal Story
persona_115_T7,7,response,5,I'd love to share this story with you—would you like to hear it now?</,0.17302853869452506,0.7032160230731148,0.25877424836314256,Personal Story
persona_115_T7,7,overall,1,<strategy>Personal Story</strategy><response>That's a wonderful idea!,0.18587098387761009,0.6853952832932325,0.26009834510124225,Personal Story
persona_115_T7,7,overall,2,I recently received a story about a child named Amina in Kenya who was struggling to go to school because her family couldn't afford books and uniforms.,0.30741786129509685,1.3777369086195115,0.36939677576735463,Personal Story
persona_115_T7,7,overall,3,"With the help of a small donation, Save the Children provided her with a scholarship and school supplies, and now she's excelling in her studies.",0.20311633511917881,0.845012980560536,0.24810303245660695,Personal Story
persona_115_T7,7,overall,4,Reading about her journey made me realize how even a small contribution can transform a child's life.,0.2870013679137487,0.9875656238193011,0.32811142531103143,Personal Story
persona_115_T7,7,overall,5,I'd love to share this story with you—would you like to hear it now?</,0.17302853869452506,0.7032160230731148,0.25877424836314256,Personal Story
persona_115_T7,7,overall,6,"response><state_analysis>The Persuadee is showing interest in understanding the real-life impact of donations through personal stories, which can create an emotional connection.",0.2720645904607598,0.8980109212118869,0.356223646648075,Personal Story
persona_115_T7,7,overall,7,They are likely more receptive to the charity's mission when they can relate to individual experiences.,0.5646942754117261,1.3482426242201613,0.4244289436589853,Personal Story
persona_115_T7,7,overall,8,This suggests that the Persuadee may be more open to donating after seeing the tangible outcomes of their support.,0.5792565868235101,1.319672544800751,0.5387454422038662,Personal Story
persona_115_T7,7,overall,9,The next step could be to encourage them to make a donation or continue engaging with the charity’s stories and programs.</,0.4378702625637705,1.3731655518730939,0.43260023985304674,Personal Story
persona_115_T7,7,overall,10,state_analysis><|im_end|>,1.842068074395235e-18,1.842068074395235e-18,0.0,Personal Story
persona_115_T8,8,state_analysis,1,>The Persuadee has shown interest in the charity's work but is still hesitant to commit to a donation.,0.3425244146582685,1.105159054926418,0.33707436974092747,Foot in the Door
persona_115_T8,8,state_analysis,2,They are in the process of evaluating the charity's impact and are looking for more information and reassurance.,0.6552802098033702,1.4568679501659558,0.5256163312145248,Foot in the Door
persona_115_T8,8,state_analysis,3,The Persuadee is likely seeking additional validation and a gentle nudge to move forward.,0.7375148213698174,1.4430556174373113,0.5771091954425611,Foot in the Door
persona_115_T8,8,state_analysis,4,Providing a printable brochure offers a low-pressure way for them to engage further and keeps the door open for future action.,0.5220814357699802,1.4594595990532062,0.5228278920042994,Foot in the Door
persona_115_T8,8,state_analysis,5,"This strategy encourages a small commitment, which can lead to a larger one later.",0.6550993094536761,1.4361210969967073,0.5067701659899476,Foot in the Door
persona_115_T8,8,state_analysis,6,The Persuadee may be more inclined to donate once they have the brochure and can refer back to it at their own pace.</,0.542322658499557,1.3466901259824668,0.4767196799110945,Foot in the Door
persona_115_T8,8,strategy,1,Foot in the Door,0.31326895731448495,1.2530758292579398,0.5425977505028139,Foot in the Door
persona_115_T8,8,response,1,That's perfectly fine—taking time to reflect is a sign of thoughtful consideration.,0.226811178849177,1.0075312075790082,0.3579570021092154,Foot in the Door
persona_115_T8,8,response,2,I completely respect that.,0.3110397532757898,0.9277117922491236,0.39259659488879023,Foot in the Door
persona_115_T8,8,response,3,"In fact, I'd like to offer you a small token of appreciation for your interest.",0.3164671035606948,1.2955198149958593,0.39299283957348335,Foot in the Door
persona_115_T8,8,response,4,Would you like me to send you a printable brochure about Save the Children and their work?,0.46526853181440075,1.4318345128010215,0.5302607625554251,Foot in the Door
persona_115_T8,8,response,5,It's a great way to keep the conversation going and have the information at your fingertips when you're ready to take the next step.</,0.267684334064504,1.2240778996649642,0.3818581720548635,Foot in the Door
persona_115_T8,8,overall,1,<response>That's perfectly fine—taking time to reflect is a sign of thoughtful consideration.,0.19099888745193852,1.0075312075790082,0.3387355352677797,Foot in the Door
persona_115_T8,8,overall,2,I completely respect that.,0.3110397532757898,0.9277117922491236,0.39259659488879023,Foot in the Door
persona_115_T8,8,overall,3,"In fact, I'd like to offer you a small token of appreciation for your interest.",0.3164671035606948,1.2955198149958593,0.39299283957348335,Foot in the Door
persona_115_T8,8,overall,4,Would you like me to send you a printable brochure about Save the Children and their work?,0.46526853181440075,1.4318345128010215,0.5302607625554251,Foot in the Door
persona_115_T8,8,overall,5,It's a great way to keep the conversation going and have the information at your fingertips when you're ready to take the next step.</,0.267684334064504,1.2240778996649642,0.3818581720548635,Foot in the Door
persona_115_T8,8,overall,6,response>,1.842068074395235e-18,1.842068074395235e-18,0.0,Foot in the Door
persona_115_T8,8,overall,7,<state_analysis>The Persuadee has shown interest in the charity's work but is still hesitant to commit to a donation.,0.30300236681308373,1.105159054926418,0.3353870973581104,Foot in the Door
persona_115_T8,8,overall,8,They are in the process of evaluating the charity's impact and are looking for more information and reassurance.,0.6552802098033702,1.4568679501659558,0.5256163312145248,Foot in the Door
persona_115_T8,8,overall,9,The Persuadee is likely seeking additional validation and a gentle nudge to move forward.,0.7375148213698174,1.4430556174373113,0.5771091954425611,Foot in the Door
persona_115_T8,8,overall,10,Providing a printable brochure offers a low-pressure way for them to engage further and keeps the door open for future action.,0.5220814357699802,1.4594595990532062,0.5228278920042994,Foot in the Door
persona_115_T8,8,overall,11,"This strategy encourages a small commitment, which can lead to a larger one later.",0.6550993094536761,1.4361210969967073,0.5067701659899476,Foot in the Door
persona_115_T8,8,overall,12,The Persuadee may be more inclined to donate once they have the brochure and can refer back to it at their own pace.</,0.542322658499557,1.3466901259824668,0.4767196799110945,Foot in the Door
persona_115_T8,8,overall,13,state_analysis><|im_end|>,1.842068074395235e-18,1.842068074395235e-18,0.0,Foot in the Door
persona_115_T9,9,state_analysis,1,>The Persuadee is showing a clear interest in the charity's work and is looking for more concrete information.,0.4497617221989671,1.4039247110810007,0.4900921898697859,Task Related Inquiry
persona_115_T9,9,state_analysis,2,They are still cautious about donating but seem open to further engagement.,0.48826871102405656,1.3275960575778725,0.39275410618735773,Task Related Inquiry
persona_115_T9,9,state_analysis,3,"They may need more specific, tangible examples of how their contributions can make a difference.",0.6193696645712569,1.419643575301145,0.41897491342415244,Task Related Inquiry
persona_115_T9,9,state_analysis,4,"By offering to provide information about a specific project, I can help them feel more informed and aligned with their values, which could lead to a more thoughtful and willing decision to donate later.",0.5459823599065065,1.416121132130399,0.5145045466162979,Task Related Inquiry
persona_115_T9,9,strategy,1,Task Related Inquiry,0.4113373497059906,1.2340120491179718,0.5817188586648165,Task Related Inquiry
persona_115_T9,9,response,1,That’s a great idea!,0.2950913773204443,0.7132935392227177,0.30302603069786727,Task Related Inquiry
persona_115_T9,9,response,2,I’ll send you the brochure right away.,0.05166470358369044,0.464982332253214,0.14612984900808174,Task Related Inquiry
persona_115_T9,9,response,3,"While we’re on the topic, would you be interested in learning about a specific project they’re currently working on that aligns with your interest in food security and education?",0.39514230180099963,1.4412566491392362,0.41239351807071006,Task Related Inquiry
persona_115_T9,9,response,4,It could give you a clearer picture of how your time and attention can support meaningful change.</,0.3427013233551597,1.3080841882303673,0.37775521651019545,Task Related Inquiry
persona_115_T9,9,overall,1,<strategy>Task Related Inquiry</strategy><response>That’s a great idea!,0.23514006955037814,1.2340120491179718,0.35838462605716814,Task Related Inquiry
persona_115_T9,9,overall,2,I’ll send you the brochure right away.,0.05166470358369044,0.464982332253214,0.14612984900808174,Task Related Inquiry
persona_115_T9,9,overall,3,"While we’re on the topic, would you be interested in learning about a specific project they’re currently working on that aligns with your interest in food security and education?",0.39514230180099963,1.4412566491392362,0.41239351807071006,Task Related Inquiry
persona_115_T9,9,overall,4,It could give you a clearer picture of how your time and attention can support meaningful change.</,0.3427013233551597,1.3080841882303673,0.37775521651019545,Task Related Inquiry
persona_115_T9,9,overall,5,response><state_analysis>The Persuadee is showing a clear interest in the charity's work and is looking for more concrete information.,0.3831303559472683,1.4039247110810007,0.47972398043857895,Task Related Inquiry
persona_115_T9,9,overall,6,They are still cautious about donating but seem open to further engagement.,0.48826871102405656,1.3275960575778725,0.39275410618735773,Task Related Inquiry
persona_115_T9,9,overall,7,"They may need more specific, tangible examples of how their contributions can make a difference.",0.6193696645712569,1.419643575301145,0.41897491342415244,Task Related Inquiry
persona_115_T9,9,overall,8,"By offering to provide information about a specific project, I can help them feel more informed and aligned with their values, which could lead to a more thoughtful and willing decision to donate later.",0.5459823599065065,1.416121132130399,0.5145045466162979,Task Related Inquiry
persona_115_T10,10,state_analysis,1,>The Persuadee has expressed a clear interest in food security and is now seeking more detailed information about how donations can directly contribute to this cause.,0.42387931585930727,1.4692453081622623,0.4833350412657354,Logical Appeal
persona_115_T10,10,state_analysis,2,"The mention of a specific project indicates a readiness to engage further, though they may still be evaluating the credibility and impact of the initiative.",0.5468427476616398,1.4785623354161763,0.5413252254266667,Logical Appeal
persona_115_T10,10,state_analysis,3,"The Persuadee is likely looking for clear, structured information that demonstrates the tangible outcomes of their potential contribution, which can help them move closer to a decision.",0.5215334363412328,1.4322982724802342,0.4474551060611793,Logical Appeal
persona_115_T10,10,state_analysis,4,This opens an opportunity to provide more concrete examples and reassurances about the effectiveness of the program.</,0.6621499418005694,1.2786551384213818,0.4388502875449171,Logical Appeal
persona_115_T10,10,strategy,1,Logical Appeal,0.26515212253860904,0.5303042450772181,0.26515212253860904,Logical Appeal
persona_115_T10,10,response,1,"Save the Children is currently working on a project called ""Feeding Futures,"" which focuses on addressing food insecurity in regions like Ethiopia and Somalia.",0.2791086045528912,1.331403465878088,0.45198365585545996,Logical Appeal
persona_115_T10,10,response,2,"This project provides emergency food aid, supports local farming initiatives, and educates communities on sustainable agriculture.",0.2933535503209138,1.2287108341705733,0.3775527241551576,Logical Appeal
persona_115_T10,10,response,3,"By donating to ""Feeding Futures,"" your contribution helps not only provide immediate relief but also builds long-term food security for entire communities.",0.35542836345363243,1.3316584213428317,0.4365009883872581,Logical Appeal
persona_115_T10,10,response,4,This project directly aligns with your interest in food security and shows how your donation can make a tangible difference.,0.42528922874784914,1.427261065458896,0.5330753083250821,Logical Appeal
persona_115_T10,10,response,5,Would you like to know more about how this specific project operates?</,0.21417387439483931,0.8250301790477929,0.27082800990916184,Logical Appeal
persona_115_T10,10,overall,1,"<response>Save the Children is currently working on a project called ""Feeding Futures,"" which focuses on addressing food insecurity in regions like Ethiopia and Somalia.",0.25209809443486947,1.331403465878088,0.4374112461693285,Logical Appeal
persona_115_T10,10,overall,2,"This project provides emergency food aid, supports local farming initiatives, and educates communities on sustainable agriculture.",0.2933535503209138,1.2287108341705733,0.3775527241551576,Logical Appeal
persona_115_T10,10,overall,3,"By donating to ""Feeding Futures,"" your contribution helps not only provide immediate relief but also builds long-term food security for entire communities.",0.35542836345363243,1.3316584213428317,0.4365009883872581,Logical Appeal
persona_115_T10,10,overall,4,This project directly aligns with your interest in food security and shows how your donation can make a tangible difference.,0.42528922874784914,1.427261065458896,0.5330753083250821,Logical Appeal
persona_115_T10,10,overall,5,Would you like to know more about how this specific project operates?</,0.21417387439483931,0.8250301790477929,0.27082800990916184,Logical Appeal
persona_115_T10,10,overall,6,response>,1.842068074395235e-18,1.842068074395235e-18,0.0,Logical Appeal
persona_115_T10,10,overall,7,<state_analysis>The Persuadee has expressed a clear interest in food security and is now seeking more detailed information about how donations can directly contribute to this cause.,0.38534483259937025,1.4692453081622623,0.4766805033644501,Logical Appeal
persona_115_T10,10,overall,8,"The mention of a specific project indicates a readiness to engage further, though they may still be evaluating the credibility and impact of the initiative.",0.5468427476616398,1.4785623354161763,0.5413252254266667,Logical Appeal
persona_115_T10,10,overall,9,"The Persuadee is likely looking for clear, structured information that demonstrates the tangible outcomes of their potential contribution, which can help them move closer to a decision.",0.5215334363412328,1.4322982724802342,0.4474551060611793,Logical Appeal
persona_115_T10,10,overall,10,This opens an opportunity to provide more concrete examples and reassurances about the effectiveness of the program.</,0.6621499418005694,1.2786551384213818,0.4388502875449171,Logical Appeal
persona_115_T10,10,overall,11,state_analysis><|im_end|>,1.842068074395235e-18,1.842068074395235e-18,0.0,Logical Appeal
persona_72_T2,2,state_analysis,1,">The Persuadee seems to be in a positive and reflective mood, appreciating the simple pleasures of life.",0.2827645175035101,0.9929534486719382,0.38007571527431655,Emotion Appeal
persona_72_T2,2,state_analysis,2,This creates an emotional opening for the Persuader to shift the focus from personal enjoyment to a broader sense of responsibility and compassion.,0.38919246939624,1.2613691596637633,0.4083448804717452,Emotion Appeal
persona_72_T2,2,state_analysis,3,"By linking the joy of the moment to the struggles of others, the Persuader can evoke empathy and encourage the Persuadee to consider a donation.",0.3704045700404884,1.383903904537964,0.4457985213256716,Emotion Appeal
persona_72_T2,2,state_analysis,4,"The Persuadee may now be more receptive to the idea of donating, especially if they feel a connection to the cause through the emotional appeal.",0.36441972319988836,1.241250110591888,0.39937447979200125,Emotion Appeal
persona_72_T2,2,state_analysis,5,They might also be curious to learn more about how their contribution could make a difference.,0.43331630895315093,1.004658510237179,0.3310390513266286,Emotion Appeal
persona_72_T2,2,state_analysis,6,The Persuader should continue to build on this emotional connection to increase the likelihood of a donation.,0.306503551921269,1.3844564523400391,0.4211812135601486,Emotion Appeal
persona_72_T2,2,strategy,1,Emotion Appeal,0.053117929909797246,0.15935378972939174,0.07512009688361874,Emotion Appeal
persona_72_T2,2,response,1,That sounds like a lovely way to spend a morning!,0.3987997306362754,1.0015098425310687,0.36121954624383246,Emotion Appeal
persona_72_T2,2,response,2,"It's so important to take time to appreciate the simple joys in life, like the fresh air and the gentle work of worm picking.",0.3223796201566706,1.3659615119496542,0.33040484621575517,Emotion Appeal
persona_72_T2,2,response,3,"But I wonder, have you ever thought about how children in other parts of the world might not have the same opportunities to enjoy the simple things?",0.1744952839495351,1.0913221098446657,0.3013900891136811,Emotion Appeal
persona_72_T2,2,response,4,"They face challenges like hunger, lack of education, and unsafe living conditions.",0.22031877309563355,1.1908740332087635,0.3208998517840182,Emotion Appeal
persona_72_T2,2,response,5,"Small acts of kindness, like donating just $1 or $2, can make a big difference in their lives.",0.21017688941122376,1.370504932369322,0.3523319502843821,Emotion Appeal
persona_72_T2,2,response,6,Would you be open to considering a small contribution to help children in need?</,0.2994949197714375,1.2254358184527638,0.35960762985347894,Emotion Appeal
persona_72_T2,2,overall,1,<strategy>Emotion Appeal</strategy><response>That sounds like a lovely way to spend a morning!,0.23856401342896988,1.0015098425310687,0.31875734916002546,Emotion Appeal
persona_72_T2,2,overall,2,"It's so important to take time to appreciate the simple joys in life, like the fresh air and the gentle work of worm picking.",0.3223796201566706,1.3659615119496542,0.33040484621575517,Emotion Appeal
persona_72_T2,2,overall,3,"But I wonder, have you ever thought about how children in other parts of the world might not have the same opportunities to enjoy the simple things?",0.1744952839495351,1.0913221098446657,0.3013900891136811,Emotion Appeal
persona_72_T2,2,overall,4,"They face challenges like hunger, lack of education, and unsafe living conditions.",0.22031877309563355,1.1908740332087635,0.3208998517840182,Emotion Appeal
persona_72_T2,2,overall,5,"Small acts of kindness, like donating just $1 or $2, can make a big difference in their lives.",0.21017688941122376,1.370504932369322,0.3523319502843821,Emotion Appeal
persona_72_T2,2,overall,6,Would you be open to considering a small contribution to help children in need?</,0.2994949197714375,1.2254358184527638,0.35960762985347894,Emotion Appeal
persona_72_T2,2,overall,7,"response><state_analysis>The Persuadee seems to be in a positive and reflective mood, appreciating the simple pleasures of life.",0.24087347787336053,0.9929534486719382,0.36489295872597677,Emotion Appeal
persona_72_T2,2,overall,8,This creates an emotional opening for the Persuader to shift the focus from personal enjoyment to a broader sense of responsibility and compassion.,0.38919246939624,1.2613691596637633,0.4083448804717452,Emotion Appeal
persona_72_T2,2,overall,9,"By linking the joy of the moment to the struggles of others, the Persuader can evoke empathy and encourage the Persuadee to consider a donation.",0.3704045700404884,1.383903904537964,0.4457985213256716,Emotion Appeal
persona_72_T2,2,overall,10,"The Persuadee may now be more receptive to the idea of donating, especially if they feel a connection to the cause through the emotional appeal.",0.36441972319988836,1.241250110591888,0.39937447979200125,Emotion Appeal
persona_72_T2,2,overall,11,They might also be curious to learn more about how their contribution could make a difference.,0.43331630895315093,1.004658510237179,0.3310390513266286,Emotion Appeal
persona_72_T2,2,overall,12,The Persuader should continue to build on this emotional connection to increase the likelihood of a donation.,0.306503551921269,1.3844564523400391,0.4211812135601486,Emotion Appeal
persona_72_T3,3,state_analysis,1,">The Persuadee is showing interest in the charity's credibility and transparency, which is a positive sign.",0.2855751867622557,1.1881290735996652,0.3294447292260143,Credibility Appeal
persona_72_T3,3,state_analysis,2,They are likely looking for reassurance that their donation will be used effectively.,0.08288511918595012,0.48613868688464346,0.14842958973192796,Credibility Appeal
persona_72_T3,3,state_analysis,3,"By addressing their concern with a Credibility Appeal, you're building trust and providing the information they need to feel comfortable with the donation.",0.3045890963690127,1.3434517989316124,0.41276780355795334,Credibility Appeal
persona_72_T3,3,state_analysis,4,This may encourage them to take the next step by offering to share more details or even make a donation.,0.593330340003197,1.3235797862623355,0.44429393408696033,Credibility Appeal
persona_72_T3,3,state_analysis,5,"They may also want to learn more about specific programs or how their contribution will be used, so it's important to be ready to provide further information or direct them to resources.</",0.6236229771595605,1.4584521123003245,0.4878670667583131,Credibility Appeal
persona_72_T3,3,strategy,1,>Credibility Appeal,1.842068074395235e-18,1.842068074395235e-18,0.0,Credibility Appeal
persona_72_T3,3,response,1,"That's a great question, and I completely understand the importance of transparency.",0.13529378679545384,0.8359570882160863,0.23204595564681127,Credibility Appeal
persona_72_T3,3,response,2,Save the Children is a well-established charity with a strong track record of making a real difference.,0.2418677267214197,0.8115114026170925,0.32510658931758896,Credibility Appeal
persona_72_T3,3,response,3,"For over 100 years, we've worked in over 100 countries to improve the lives of children.",0.31228350135329624,1.512198755372192,0.4613293162492843,Credibility Appeal
persona_72_T3,3,response,4,"Our work is funded by donations like yours, and we ensure every dollar goes directly to our programs.",0.36287432651501794,1.3119820883125195,0.3753260093273065,Credibility Appeal
persona_72_T3,3,response,5,You can check our website or contact us directly for more information about how your contribution will be used.,0.4343732457809068,1.0513053542547954,0.3824662685471584,Credibility Appeal
persona_72_T3,3,response,6,Would you like me to share some specific examples of how your donation can make an impact?</,0.29175123820677384,0.9246087889784125,0.3254425301348316,Credibility Appeal
persona_72_T3,3,overall,1,"<response>That's a great question, and I completely understand the importance of transparency.",0.11274482232954486,0.8359570882160863,0.21774614486244998,Credibility Appeal
persona_72_T3,3,overall,2,Save the Children is a well-established charity with a strong track record of making a real difference.,0.2418677267214197,0.8115114026170925,0.32510658931758896,Credibility Appeal
persona_72_T3,3,overall,3,"For over 100 years, we've worked in over 100 countries to improve the lives of children.",0.31228350135329624,1.512198755372192,0.4613293162492843,Credibility Appeal
persona_72_T3,3,overall,4,"Our work is funded by donations like yours, and we ensure every dollar goes directly to our programs.",0.36287432651501794,1.3119820883125195,0.3753260093273065,Credibility Appeal
persona_72_T3,3,overall,5,You can check our website or contact us directly for more information about how your contribution will be used.,0.4343732457809068,1.0513053542547954,0.3824662685471584,Credibility Appeal
persona_72_T3,3,overall,6,Would you like me to share some specific examples of how your donation can make an impact?</,0.29175123820677384,0.9246087889784125,0.3254425301348316,Credibility Appeal
persona_72_T3,3,overall,7,response>,1.842068074395235e-18,1.842068074395235e-18,0.0,Credibility Appeal
persona_72_T3,3,overall,8,"<state_analysis>The Persuadee is showing interest in the charity's credibility and transparency, which is a positive sign.",0.25130616435078507,1.1881290735996652,0.32267907685392844,Credibility Appeal
persona_72_T3,3,overall,9,They are likely looking for reassurance that their donation will be used effectively.,0.08288511918595012,0.48613868688464346,0.14842958973192796,Credibility Appeal
persona_72_T3,3,overall,10,"By addressing their concern with a Credibility Appeal, you're building trust and providing the information they need to feel comfortable with the donation.",0.3045890963690127,1.3434517989316124,0.41276780355795334,Credibility Appeal
persona_72_T3,3,overall,11,This may encourage them to take the next step by offering to share more details or even make a donation.,0.593330340003197,1.3235797862623355,0.44429393408696033,Credibility Appeal
persona_72_T3,3,overall,12,"They may also want to learn more about specific programs or how their contribution will be used, so it's important to be ready to provide further information or direct them to resources.</",0.6236229771595605,1.4584521123003245,0.4878670667583131,Credibility Appeal
persona_72_T3,3,overall,13,state_analysis><|im_end|>,1.842068074395235e-18,1.842068074395235e-18,0.0,Credibility Appeal
persona_72_T4,4,state_analysis,1,>The Persuadee is showing openness to understanding the impact of donations through real-life examples.,0.22578908780059423,1.259505703586587,0.382714293112694,Personal Story
persona_72_T4,4,state_analysis,2,"By sharing a personal story, the Persuader can create an emotional connection and increase the likelihood of the Persuadee being moved to donate.",0.27891889808325704,1.3513901789447438,0.4109021508707851,Personal Story
persona_72_T4,4,state_analysis,3,The Persuadee may now be more receptive to further information about how donations can be used effectively and may be willing to consider contributing based on the tangible impact described.</,0.5579033578093472,1.4473757926140727,0.48239995050117446,Personal Story
persona_72_T4,4,strategy,1,Personal Story,1.842068074395235e-18,1.842068074395235e-18,0.0,Personal Story
persona_72_T4,4,response,1,That's a great idea!,0.3050725317729931,0.6721299432665808,0.2588703359426925,Personal Story
persona_72_T4,4,response,2,Let me share a story about a child named Amina who lives in a small village in Ethiopia.,0.2076300055376342,1.301686525807748,0.3943321122281741,Personal Story
persona_72_T4,4,response,3,"Amina used to walk miles every day to collect water for her family, and she didn’t have access to education.",0.3233260366236312,1.5234449679288438,0.41359959082832126,Personal Story
persona_72_T4,4,response,4,"With the help of a donation from someone like you, Save the Children built a well near her village and started a school.",0.16329393839238293,1.079906279571821,0.2920579167011589,Personal Story
persona_72_T4,4,response,5,"Now Amina can go to school, learn to read and write, and dream of a better future.",0.13866576040097242,0.8708041328376195,0.2557352137472968,Personal Story
persona_72_T4,4,response,6,"She recently wrote to us saying, ""Thank you for giving me the chance to learn and grow.""",0.33864696055863724,1.304073310638591,0.4432924076292082,Personal Story
persona_72_T4,4,response,7,Would you like to be part of stories like Amina's?</,0.1666208673154106,1.1389795338885158,0.35385803347578826,Personal Story
persona_72_T4,4,overall,1,<response>That's a great idea!,0.20338168784866206,0.6721299432665808,0.2556520213691656,Personal Story
persona_72_T4,4,overall,2,Let me share a story about a child named Amina who lives in a small village in Ethiopia.,0.2076300055376342,1.301686525807748,0.3943321122281741,Personal Story
persona_72_T4,4,overall,3,"Amina used to walk miles every day to collect water for her family, and she didn’t have access to education.",0.3233260366236312,1.5234449679288438,0.41359959082832126,Personal Story
persona_72_T4,4,overall,4,"With the help of a donation from someone like you, Save the Children built a well near her village and started a school.",0.16329393839238293,1.079906279571821,0.2920579167011589,Personal Story
persona_72_T4,4,overall,5,"Now Amina can go to school, learn to read and write, and dream of a better future.",0.13866576040097242,0.8708041328376195,0.2557352137472968,Personal Story
persona_72_T4,4,overall,6,"She recently wrote to us saying, ""Thank you for giving me the chance to learn and grow.""",0.33864696055863724,1.304073310638591,0.4432924076292082,Personal Story
persona_72_T4,4,overall,7,Would you like to be part of stories like Amina's?</,0.1666208673154106,1.1389795338885158,0.35385803347578826,Personal Story
persona_72_T4,4,overall,8,response>,1.842068074395235e-18,1.842068074395235e-18,0.0,Personal Story
persona_72_T4,4,overall,9,<state_analysis>The Persuadee is showing openness to understanding the impact of donations through real-life examples.,0.19499966673687685,1.259505703586587,0.3640067908659778,Personal Story
persona_72_T4,4,overall,10,"By sharing a personal story, the Persuader can create an emotional connection and increase the likelihood of the Persuadee being moved to donate.",0.27891889808325704,1.3513901789447438,0.4109021508707851,Personal Story
persona_72_T4,4,overall,11,The Persuadee may now be more receptive to further information about how donations can be used effectively and may be willing to consider contributing based on the tangible impact described.</,0.5579033578093472,1.4473757926140727,0.48239995050117446,Personal Story
persona_72_T4,4,overall,12,state_analysis><|im_end|>,1.842068074395235e-18,1.842068074395235e-18,0.0,Personal Story
persona_72_T5,5,state_analysis,1,">The Persuadee has shown a willingness to listen and engage with the story, but is still hesitant to commit to a donation.",0.43836861366771535,1.4322301182114763,0.5298732198942026,Foot in the Door
persona_72_T5,5,state_analysis,2,They seem to be looking for more reassurance and a less intimidating way to start.,0.507040146800003,1.2884648752842813,0.4240833031788819,Foot in the Door
persona_72_T5,5,state_analysis,3,"The Foot in the Door strategy is appropriate here because it asks for a small, low-risk commitment that can lead to a larger contribution in the future.",0.41966516922392155,1.3568882663905188,0.44081926384260456,Foot in the Door
persona_72_T5,5,state_analysis,4,"The Persuadee may be testing the waters, and a small donation could help them feel more comfortable with the idea of giving.",0.45016481332531655,1.3961042434441544,0.48836666789889494,Foot in the Door
persona_72_T5,5,state_analysis,5,They may be open to further conversation or additional reassurance if they feel their initial step is meaningful and manageable.</,0.6900935737794439,1.4153314059931157,0.47811354578203547,Foot in the Door
persona_72_T5,5,strategy,1,Foot in the Door,1.842068074395235e-18,1.842068074395235e-18,0.0,Foot in the Door
persona_72_T5,5,response,1,That's completely understandable.,0.3619971591829019,1.0201913388136166,0.37691318238812976,Foot in the Door
persona_72_T5,5,response,2,I completely respect your need to feel confident in your decision.,0.28098636202286703,1.0023219965326198,0.34417929939937253,Foot in the Door
persona_72_T5,5,response,3,Here's a simple way to start: could you consider making a small donation of just $1 today?,0.3693932532224479,1.3868439710237976,0.4393032495382587,Foot in the Door
persona_72_T5,5,response,4,"It's a small step, and it could be the beginning of something much bigger.",0.33480208107519877,0.8687406392160604,0.3224667751011787,Foot in the Door
persona_72_T5,5,response,5,"Even a small amount can help provide a child with clean water, food, or education.",0.3037172314989357,1.083499822973884,0.362898567382332,Foot in the Door
persona_72_T5,5,response,6,I'm sure you'd feel great knowing you've made a positive impact.,0.38322465916825527,1.5344349723697366,0.4987663332144473,Foot in the Door
persona_72_T5,5,response,7,What do you think?</,0.10606084901544362,0.5303042450772181,0.21212169803088726,Foot in the Door
persona_72_T5,5,overall,1,<response>That's completely understandable.,0.22624822448931367,1.0201913388136166,0.34569158561058055,Foot in the Door
persona_72_T5,5,overall,2,I completely respect your need to feel confident in your decision.,0.28098636202286703,1.0023219965326198,0.34417929939937253,Foot in the Door
persona_72_T5,5,overall,3,Here's a simple way to start: could you consider making a small donation of just $1 today?,0.3693932532224479,1.3868439710237976,0.4393032495382587,Foot in the Door
persona_72_T5,5,overall,4,"It's a small step, and it could be the beginning of something much bigger.",0.33480208107519877,0.8687406392160604,0.3224667751011787,Foot in the Door
persona_72_T5,5,overall,5,"Even a small amount can help provide a child with clean water, food, or education.",0.3037172314989357,1.083499822973884,0.362898567382332,Foot in the Door
persona_72_T5,5,overall,6,I'm sure you'd feel great knowing you've made a positive impact.,0.38322465916825527,1.5344349723697366,0.4987663332144473,Foot in the Door
persona_72_T5,5,overall,7,What do you think?</,0.10606084901544362,0.5303042450772181,0.21212169803088726,Foot in the Door
persona_72_T5,5,overall,8,response>,1.842068074395235e-18,1.842068074395235e-18,0.0,Foot in the Door
persona_72_T5,5,overall,9,"<state_analysis>The Persuadee has shown a willingness to listen and engage with the story, but is still hesitant to commit to a donation.",0.3945317523009438,1.4322301182114763,0.519599942239557,Foot in the Door
persona_72_T5,5,overall,10,They seem to be looking for more reassurance and a less intimidating way to start.,0.507040146800003,1.2884648752842813,0.4240833031788819,Foot in the Door
persona_72_T5,5,overall,11,"The Foot in the Door strategy is appropriate here because it asks for a small, low-risk commitment that can lead to a larger contribution in the future.",0.41966516922392155,1.3568882663905188,0.44081926384260456,Foot in the Door
persona_72_T5,5,overall,12,"The Persuadee may be testing the waters, and a small donation could help them feel more comfortable with the idea of giving.",0.45016481332531655,1.3961042434441544,0.48836666789889494,Foot in the Door
persona_72_T5,5,overall,13,They may be open to further conversation or additional reassurance if they feel their initial step is meaningful and manageable.</,0.6900935737794439,1.4153314059931157,0.47811354578203547,Foot in the Door
persona_72_T5,5,overall,14,state_analysis><|im_end|>,1.842068074395235e-18,1.842068074395235e-18,0.0,Foot in the Door
persona_72_T6,6,state_analysis,1,">The Persuadee is showing hesitation, possibly due to a desire for more reassurance or a need to feel confident in their decision.",0.34221547615405934,0.9935924670391134,0.3594614108925193,Self Modeling
persona_72_T6,6,state_analysis,2,"They are not yet ready to commit, so it's important to provide an example of a similar situation to build trust and reduce resistance.",0.7221679402778564,1.4162022610686085,0.5185212986495094,Self Modeling
persona_72_T6,6,state_analysis,3,"By sharing a personal experience, we can help them relate to the impact of small donations and encourage them to take the first step without pressure.",0.5769587531490256,1.4590581671417602,0.4987854691128162,Self Modeling
persona_72_T6,6,state_analysis,4,"The Persuadee might still need more information or reassurance before committing, so the next step should focus on offering additional examples or support to make them feel more comfortable with the idea of donating.",0.5946664761832821,1.3986218646429094,0.48441661387712054,Self Modeling
persona_72_T6,6,strategy,1,Self Modeling,0.5357367173820551,1.0714734347641102,0.5357367173820551,Self Modeling
persona_72_T6,6,response,1,That’s totally fine—taking time to think is a sign of thoughtful consideration.,0.3846701423796728,1.3141064014754464,0.40268307480320514,Self Modeling
persona_72_T6,6,response,2,I’d like to share how I’ve personally felt after making a small contribution.,0.4450157758478478,1.3668341046876769,0.491545261341754,Self Modeling
persona_72_T6,6,response,3,"A few months ago, I donated $2, and it felt amazing to know that my small act could help a child like Amina.",0.2547690501719367,1.3538288813774366,0.348181045978668,Self Modeling
persona_72_T6,6,response,4,I’ve since seen how even the smallest gestures can lead to big changes.,0.6205649911261288,1.251760997447225,0.45526557658657446,Self Modeling
persona_72_T6,6,response,5,"Maybe you’d like to take that first step with me, and I can share more about how it feels to be part of something meaningful.",0.4493682032343092,1.4565145503428065,0.44166069759125187,Self Modeling
persona_72_T6,6,response,6,Would that be okay?</,0.5933321404855418,1.0941232806763248,0.34898640683153215,Self Modeling
persona_72_T6,6,overall,1,<strategy>Self Modeling</strategy><response>That’s totally fine—taking time to think is a sign of thoughtful consideration.,0.3020647187295654,1.3141064014754464,0.39862606378848964,Self Modeling
persona_72_T6,6,overall,2,I’d like to share how I’ve personally felt after making a small contribution.,0.4450157758478478,1.3668341046876769,0.491545261341754,Self Modeling
persona_72_T6,6,overall,3,"A few months ago, I donated $2, and it felt amazing to know that my small act could help a child like Amina.",0.2547690501719367,1.3538288813774366,0.348181045978668,Self Modeling
persona_72_T6,6,overall,4,I’ve since seen how even the smallest gestures can lead to big changes.,0.6205649911261288,1.251760997447225,0.45526557658657446,Self Modeling
persona_72_T6,6,overall,5,"Maybe you’d like to take that first step with me, and I can share more about how it feels to be part of something meaningful.",0.4493682032343092,1.4565145503428065,0.44166069759125187,Self Modeling
persona_72_T6,6,overall,6,Would that be okay?</,0.5933321404855418,1.0941232806763248,0.34898640683153215,Self Modeling
persona_72_T6,6,overall,7,"response><state_analysis>The Persuadee is showing hesitation, possibly due to a desire for more reassurance or a need to feel confident in their decision.",0.299438541634802,0.9935924670391134,0.35478163082210074,Self Modeling
persona_72_T6,6,overall,8,"They are not yet ready to commit, so it's important to provide an example of a similar situation to build trust and reduce resistance.",0.7221679402778564,1.4162022610686085,0.5185212986495094,Self Modeling
persona_72_T6,6,overall,9,"By sharing a personal experience, we can help them relate to the impact of small donations and encourage them to take the first step without pressure.",0.5769587531490256,1.4590581671417602,0.4987854691128162,Self Modeling
persona_72_T6,6,overall,10,"The Persuadee might still need more information or reassurance before committing, so the next step should focus on offering additional examples or support to make them feel more comfortable with the idea of donating.",0.5946664761832821,1.3986218646429094,0.48441661387712054,Self Modeling
persona_72_T7,7,state_analysis,1,>The Persuadee is showing hesitation and is seeking more information to feel comfortable with the decision.,0.40799030929465385,1.1401357141210666,0.40072007635671114,Source Related Inquiry
persona_72_T7,7,state_analysis,2,They are not opposed to donating but are looking for reassurance and additional details to make an informed choice.,0.5132929276141117,1.2836059087715612,0.46913094389517906,Source Related Inquiry
persona_72_T7,7,state_analysis,3,"This suggests they are in a deliberative state and may be influenced by further information, especially if it includes transparency, impact, and reassurance about how donations are used.",0.7245317032143205,1.5143162344887346,0.4453486387955694,Source Related Inquiry
persona_72_T7,7,state_analysis,4,"Future actions may involve them asking for more concrete data or examples to solidify their decision, or they might come around if the information continues to align with their values and concerns.</",0.6398447865016745,1.5761257114830856,0.5135691696855067,Source Related Inquiry
persona_72_T7,7,strategy,1,Source Related Inquiry,0.30545392487261597,0.916361774617848,0.431977083234946,Source Related Inquiry
persona_72_T7,7,response,1,That’s completely fine—taking time to think is a sign of thoughtful consideration.,0.19406148392654052,1.0767190344626019,0.3471607565560032,Source Related Inquiry
persona_72_T7,7,response,2,I completely understand the importance of being sure about your decision.,0.3860832798164419,1.0991985549801557,0.4365472880946467,Source Related Inquiry
persona_72_T7,7,response,3,I’d love to share more details about Save the Children’s work and how your donation can make a real difference.,0.4891093034800356,1.3454183005191855,0.4661915407828878,Source Related Inquiry
persona_72_T7,7,response,4,Would you like me to provide more information about our organization or the specific impact of donations?,0.5737824466211192,1.4247751571824006,0.41992048786461883,Source Related Inquiry
persona_72_T7,7,response,5,I’m happy to help you feel more confident in your choice.</,0.34088059355230843,1.0937826454712063,0.3650326447694505,Source Related Inquiry
persona_72_T7,7,overall,1,<strategy>Source Related Inquiry</strategy><response>That’s completely fine—taking time to think is a sign of thoughtful consideration.,0.17217898116934524,1.0767190344626019,0.33132253333831585,Source Related Inquiry
persona_72_T7,7,overall,2,I completely understand the importance of being sure about your decision.,0.3860832798164419,1.0991985549801557,0.4365472880946467,Source Related Inquiry
persona_72_T7,7,overall,3,I’d love to share more details about Save the Children’s work and how your donation can make a real difference.,0.4891093034800356,1.3454183005191855,0.4661915407828878,Source Related Inquiry
persona_72_T7,7,overall,4,Would you like me to provide more information about our organization or the specific impact of donations?,0.5737824466211192,1.4247751571824006,0.41992048786461883,Source Related Inquiry
persona_72_T7,7,overall,5,I’m happy to help you feel more confident in your choice.</,0.34088059355230843,1.0937826454712063,0.3650326447694505,Source Related Inquiry
persona_72_T7,7,overall,6,response><state_analysis>The Persuadee is showing hesitation and is seeking more information to feel comfortable with the decision.,0.33999192441221154,1.1401357141210666,0.3961473438791987,Source Related Inquiry
persona_72_T7,7,overall,7,They are not opposed to donating but are looking for reassurance and additional details to make an informed choice.,0.5132929276141117,1.2836059087715612,0.46913094389517906,Source Related Inquiry
persona_72_T7,7,overall,8,"This suggests they are in a deliberative state and may be influenced by further information, especially if it includes transparency, impact, and reassurance about how donations are used.",0.7245317032143205,1.5143162344887346,0.4453486387955694,Source Related Inquiry
persona_72_T7,7,overall,9,"Future actions may involve them asking for more concrete data or examples to solidify their decision, or they might come around if the information continues to align with their values and concerns.</",0.6398447865016745,1.5761257114830856,0.5135691696855067,Source Related Inquiry
persona_72_T7,7,overall,10,state_analysis><|im_end|>,1.842068074395235e-18,1.842068074395235e-18,0.0,Source Related Inquiry
persona_72_T8,8,state_analysis,1,>The Persuadee appears to be at a point where they want more concrete information about the impact of donations.,0.3509900327075609,1.2546120299304666,0.3492509057905091,Donation Information
persona_72_T8,8,state_analysis,2,They are likely seeking reassurance about the effectiveness and transparency of the charity's work.,0.35985207717258033,1.1615744405799615,0.37740078166783886,Donation Information
persona_72_T8,8,state_analysis,3,"This suggests they are open to learning more and may be influenced by clear, specific examples of how their contribution can be used.",0.47131270697988137,1.3007927026729729,0.4239338410275954,Donation Information
persona_72_T8,8,state_analysis,4,The Persuadee is not yet ready to commit but is showing interest in understanding the process better.,0.4643729088746521,1.193893605159794,0.37766967900361725,Donation Information
persona_72_T8,8,state_analysis,5,The next step may involve providing more detailed examples or addressing any further concerns they may have about donation usage.</,0.6769921021701147,1.3734563120239025,0.3826210337362485,Donation Information
persona_72_T8,8,strategy,1,Donation Information,1.842068074395235e-18,1.842068074395235e-18,0.0,Donation Information
persona_72_T8,8,response,1,Of course!,0.3654817695448805,1.0964453086346415,0.5168692752904881,Donation Information
persona_72_T8,8,response,2,"Every donation to Save the Children is used directly to support our programs, which include providing clean water, nutrition, education, and healthcare to children in need.",0.22240290369023868,1.2759701334861708,0.38952287704777966,Donation Information
persona_72_T8,8,response,3,"For example, a $1 donation can provide a child with a month of school supplies, while a $2 donation can help provide a child with a nutritious meal.",0.24041517328307588,1.4774775287737725,0.3702042064018817,Donation Information
persona_72_T8,8,response,4,"We also ensure that all donations are transparent and accountably managed, so you can be confident that your contribution is making a real difference.",0.2987068622019371,1.4171039325407875,0.4113891837001914,Donation Information
persona_72_T8,8,response,5,Would you like me to share more about how your specific donation could help a child in need?</,0.32466814135491445,0.9414333958800628,0.3744350564993752,Donation Information
persona_72_T8,8,overall,1,<response>Of course!,0.18274088477244024,1.0964453086346415,0.40862104061963256,Donation Information
persona_72_T8,8,overall,2,"Every donation to Save the Children is used directly to support our programs, which include providing clean water, nutrition, education, and healthcare to children in need.",0.22240290369023868,1.2759701334861708,0.38952287704777966,Donation Information
persona_72_T8,8,overall,3,"For example, a $1 donation can provide a child with a month of school supplies, while a $2 donation can help provide a child with a nutritious meal.",0.24041517328307588,1.4774775287737725,0.3702042064018817,Donation Information
persona_72_T8,8,overall,4,"We also ensure that all donations are transparent and accountably managed, so you can be confident that your contribution is making a real difference.",0.2987068622019371,1.4171039325407875,0.4113891837001914,Donation Information
persona_72_T8,8,overall,5,Would you like me to share more about how your specific donation could help a child in need?</,0.32466814135491445,0.9414333958800628,0.3744350564993752,Donation Information
persona_72_T8,8,overall,6,response>,1.842068074395235e-18,1.842068074395235e-18,0.0,Donation Information
persona_72_T8,8,overall,7,<state_analysis>The Persuadee appears to be at a point where they want more concrete information about the impact of donations.,0.3104911827797654,1.2546120299304666,0.3470973273335333,Donation Information
persona_72_T8,8,overall,8,They are likely seeking reassurance about the effectiveness and transparency of the charity's work.,0.35985207717258033,1.1615744405799615,0.37740078166783886,Donation Information
persona_72_T8,8,overall,9,"This suggests they are open to learning more and may be influenced by clear, specific examples of how their contribution can be used.",0.47131270697988137,1.3007927026729729,0.4239338410275954,Donation Information
persona_72_T8,8,overall,10,The Persuadee is not yet ready to commit but is showing interest in understanding the process better.,0.4643729088746521,1.193893605159794,0.37766967900361725,Donation Information
persona_72_T8,8,overall,11,The next step may involve providing more detailed examples or addressing any further concerns they may have about donation usage.</,0.6769921021701147,1.3734563120239025,0.3826210337362485,Donation Information
persona_72_T8,8,overall,12,state_analysis><|im_end|>,1.842068074395235e-18,1.842068074395235e-18,0.0,Donation Information
persona_72_T9,9,state_analysis,1,>The Persuadee is still hesitant but open to further dialogue.,0.35352456353386447,1.0638554866560819,0.42135251541486757,Task Related Inquiry
persona_72_T9,9,state_analysis,2,They are not outright rejecting the idea but are seeking more clarity and reassurance.,0.5061515300570384,1.4092188713293967,0.5199985074617239,Task Related Inquiry
persona_72_T9,9,state_analysis,3,"By asking about their potential influence, I'm shifting the focus from a direct donation request to a broader impact, which can make the decision feel less pressured.",0.6116599961313915,1.5131474029189278,0.49122070499820336,Task Related Inquiry
persona_72_T9,9,state_analysis,4,"This opens the door for them to think about how their actions might influence others, potentially reducing resistance and increasing the likelihood of a future donation decision.</",0.6107484437174016,1.3714494892581968,0.4893544871641396,Task Related Inquiry
persona_72_T9,9,strategy,1,Task Related Inquiry,0.08241543432463662,0.24724630297390987,0.11655302497077022,Task Related Inquiry
persona_72_T9,9,response,1,That's perfectly fine—taking time to reflect is important.,0.478777955196497,1.1206924107913858,0.4452840539974999,Task Related Inquiry
persona_72_T9,9,response,2,I'd like to ask you a question: Have you ever thought about how your actions can inspire others?,0.4766868186470605,1.390997642102026,0.4787114171612906,Task Related Inquiry
persona_72_T9,9,response,3,"Even small steps can lead to big changes, and your consideration might encourage someone else to take action too.",0.352925514429371,1.3445604540992584,0.47221824736829965,Task Related Inquiry
persona_72_T9,9,response,4,Would you be open to exploring how your contribution could ripple out in meaningful ways?</,0.43918470945539134,1.4431352674356717,0.4951498926455122,Task Related Inquiry
persona_72_T9,9,overall,1,<response>That's perfectly fine—taking time to reflect is important.,0.3830223641571976,1.1206924107913858,0.44192628780906545,Task Related Inquiry
persona_72_T9,9,overall,2,I'd like to ask you a question: Have you ever thought about how your actions can inspire others?,0.4766868186470605,1.390997642102026,0.4787114171612906,Task Related Inquiry
persona_72_T9,9,overall,3,"Even small steps can lead to big changes, and your consideration might encourage someone else to take action too.",0.352925514429371,1.3445604540992584,0.47221824736829965,Task Related Inquiry
persona_72_T9,9,overall,4,Would you be open to exploring how your contribution could ripple out in meaningful ways?</,0.43918470945539134,1.4431352674356717,0.4951498926455122,Task Related Inquiry
persona_72_T9,9,overall,5,response>,1.842068074395235e-18,1.842068074395235e-18,0.0,Task Related Inquiry
persona_72_T9,9,overall,6,<state_analysis>The Persuadee is still hesitant but open to further dialogue.,0.29113787585141776,1.0638554866560819,0.4054267441565705,Task Related Inquiry
persona_72_T9,9,overall,7,They are not outright rejecting the idea but are seeking more clarity and reassurance.,0.5061515300570384,1.4092188713293967,0.5199985074617239,Task Related Inquiry
persona_72_T9,9,overall,8,"By asking about their potential influence, I'm shifting the focus from a direct donation request to a broader impact, which can make the decision feel less pressured.",0.6116599961313915,1.5131474029189278,0.49122070499820336,Task Related Inquiry
persona_72_T9,9,overall,9,"This opens the door for them to think about how their actions might influence others, potentially reducing resistance and increasing the likelihood of a future donation decision.</",0.6107484437174016,1.3714494892581968,0.4893544871641396,Task Related Inquiry
persona_72_T9,9,overall,10,state_analysis><|im_end|>,1.842068074395235e-18,1.842068074395235e-18,0.0,Task Related Inquiry
persona_72_T10,10,state_analysis,1,>The Persuadee is still hesitant but open to further dialogue.,0.4753447187303439,1.4561692002760036,0.533831499103199,Personal Related Inquiry
persona_72_T10,10,state_analysis,2,"They are not outright rejecting the idea of donating, but they are seeking reassurance and personal relevance.",0.5090232472153293,1.4277851471292828,0.5089056624969109,Personal Related Inquiry
persona_72_T10,10,state_analysis,3,"The Persuadee is likely looking for a connection between their own values and the impact of donating, which can help them feel more personally invested.",0.46575600092964076,1.491467709408887,0.4939868484204999,Personal Related Inquiry
persona_72_T10,10,state_analysis,4,The next step would be to reinforce this connection and gradually encourage a small commitment without pressure.,0.9073784352059516,1.5898427008597333,0.5056038331929842,Personal Related Inquiry
persona_72_T10,10,state_analysis,5,The Persuadee may be more receptive to a donation if it aligns with their personal values and priorities.,0.48402234237798636,1.1255050223434464,0.38453297304668604,Personal Related Inquiry
persona_72_T10,10,state_analysis,6,They may also be more inclined to engage further if they feel the donation is meaningful to them personally.,0.7063757942951392,1.504275108146905,0.4705655065168215,Personal Related Inquiry
persona_72_T10,10,state_analysis,7,This strategy helps bridge the gap between their current hesitation and the goal of donation by linking it to their own experiences and values.,0.5597747414589165,1.3765080474603346,0.5109643175772483,Personal Related Inquiry
persona_72_T10,10,state_analysis,8,It encourages reflection and can make the decision feel more personal and less like a formal commitment.,0.7098592850723426,1.3390075870959732,0.46887971402185247,Personal Related Inquiry
persona_72_T10,10,state_analysis,9,"The Persuadee is likely still in the contemplation stage, and this strategy helps guide them toward a more informed and personal decision.",0.6200366599064804,1.3347665944545497,0.4884261856838516,Personal Related Inquiry
persona_72_T10,10,state_analysis,10,The Persuadee may need more time but is open to further exploration.,0.8087293487195275,1.4418494612118442,0.5115492529086585,Personal Related Inquiry
persona_72_T10,10,state_analysis,11,This approach is respectful of their hesitation while gently encouraging deeper engagement with the cause.,0.7590600057616217,1.4174744727613624,0.4667047412031013,Personal Related Inquiry
persona_72_T10,10,state_analysis,12,"The Persuadee might be more receptive to a small, symbolic gesture if it feels meaningful and personal.",0.7474012393910606,1.4602678428175713,0.4797728371932928,Personal Related Inquiry
persona_72_T10,10,state_analysis,13,This strategy can help lay the groundwork for a future donation without pushing them too hard at this stage.,0.5801139297710382,1.4010960906558316,0.4486448955962836,Personal Related Inquiry
persona_72_T10,10,state_analysis,14,"They are likely looking for a sense of connection and relevance, which this strategy provides through a personal and reflective angle.</",0.6741680521839931,1.3470683547697622,0.4064022698398905,Personal Related Inquiry
persona_72_T10,10,strategy,1,Personal Related Inquiry,1.842068074395235e-18,1.842068074395235e-18,0.0,Personal Related Inquiry
persona_72_T10,10,response,1,"That's completely fine, and I completely respect that.",0.5086688322987238,1.1644697751397315,0.37650074685946266,Personal Related Inquiry
persona_72_T10,10,response,2,"I’d like to ask you something personal—have you ever thought about how the simple things you enjoy, like the fresh air or the time you spend with nature, might be something that children in other parts of the world are missing out on?",0.2594878007411272,1.4021814072227587,0.4112950283282256,Personal Related Inquiry
persona_72_T10,10,response,3,"It's easy to take them for granted, but for many kids, these small moments are not just a luxury—they're a dream.",0.4336348089682423,1.2203116446590228,0.43999556704662895,Personal Related Inquiry
persona_72_T10,10,response,4,Maybe reflecting on what you value most could help you see how a small donation can help bring those same joys to a child who needs it most.,0.48437306226995713,1.3396099933826489,0.48112657815756665,Personal Related Inquiry
persona_72_T10,10,response,5,Would that be something you’d like to explore?</,0.3814064184663595,1.0259921868464115,0.3543955110046153,Personal Related Inquiry
persona_72_T10,10,overall,1,"<strategy>Personal Related Inquiry</strategy><response>That's completely fine, and I completely respect that.",0.29946263748189783,1.1644697751397315,0.3667895307408173,Personal Related Inquiry
persona_72_T10,10,overall,2,"I’d like to ask you something personal—have you ever thought about how the simple things you enjoy, like the fresh air or the time you spend with nature, might be something that children in other parts of the world are missing out on?",0.2594878007411272,1.4021814072227587,0.4112950283282256,Personal Related Inquiry
persona_72_T10,10,overall,3,"It's easy to take them for granted, but for many kids, these small moments are not just a luxury—they're a dream.",0.4336348089682423,1.2203116446590228,0.43999556704662895,Personal Related Inquiry
persona_72_T10,10,overall,4,Maybe reflecting on what you value most could help you see how a small donation can help bring those same joys to a child who needs it most.,0.48437306226995713,1.3396099933826489,0.48112657815756665,Personal Related Inquiry
persona_72_T10,10,overall,5,Would that be something you’d like to explore?</,0.3814064184663595,1.0259921868464115,0.3543955110046153,Personal Related Inquiry
persona_72_T10,10,overall,6,response><state_analysis>The Persuadee is still hesitant but open to further dialogue.,0.36971255901248967,1.4561692002760036,0.5105894535613951,Personal Related Inquiry
persona_72_T10,10,overall,7,"They are not outright rejecting the idea of donating, but they are seeking reassurance and personal relevance.",0.5090232472153293,1.4277851471292828,0.5089056624969109,Personal Related Inquiry
persona_72_T10,10,overall,8,"The Persuadee is likely looking for a connection between their own values and the impact of donating, which can help them feel more personally invested.",0.46575600092964076,1.491467709408887,0.4939868484204999,Personal Related Inquiry
persona_72_T10,10,overall,9,The next step would be to reinforce this connection and gradually encourage a small commitment without pressure.,0.9073784352059516,1.5898427008597333,0.5056038331929842,Personal Related Inquiry
persona_72_T10,10,overall,10,The Persuadee may be more receptive to a donation if it aligns with their personal values and priorities.,0.48402234237798636,1.1255050223434464,0.38453297304668604,Personal Related Inquiry
persona_72_T10,10,overall,11,They may also be more inclined to engage further if they feel the donation is meaningful to them personally.,0.7063757942951392,1.504275108146905,0.4705655065168215,Personal Related Inquiry
persona_72_T10,10,overall,12,This strategy helps bridge the gap between their current hesitation and the goal of donation by linking it to their own experiences and values.,0.5597747414589165,1.3765080474603346,0.5109643175772483,Personal Related Inquiry
persona_72_T10,10,overall,13,It encourages reflection and can make the decision feel more personal and less like a formal commitment.,0.7098592850723426,1.3390075870959732,0.46887971402185247,Personal Related Inquiry
persona_72_T10,10,overall,14,"The Persuadee is likely still in the contemplation stage, and this strategy helps guide them toward a more informed and personal decision.",0.6200366599064804,1.3347665944545497,0.4884261856838516,Personal Related Inquiry
persona_72_T10,10,overall,15,The Persuadee may need more time but is open to further exploration.,0.8087293487195275,1.4418494612118442,0.5115492529086585,Personal Related Inquiry
persona_72_T10,10,overall,16,This approach is respectful of their hesitation while gently encouraging deeper engagement with the cause.,0.7590600057616217,1.4174744727613624,0.4667047412031013,Personal Related Inquiry
persona_72_T10,10,overall,17,"The Persuadee might be more receptive to a small, symbolic gesture if it feels meaningful and personal.",0.7474012393910606,1.4602678428175713,0.4797728371932928,Personal Related Inquiry
persona_72_T10,10,overall,18,This strategy can help lay the groundwork for a future donation without pushing them too hard at this stage.,0.5801139297710382,1.4010960906558316,0.4486448955962836,Personal Related Inquiry
persona_72_T10,10,overall,19,"They are likely looking for a sense of connection and relevance, which this strategy provides through a personal and reflective angle.</",0.6741680521839931,1.3470683547697622,0.4064022698398905,Personal Related Inquiry
persona_72_T10,10,overall,20,state_analysis><|im_end|>,1.842068074395235e-18,1.842068074395235e-18,0.0,Personal Related Inquiry
