Sample_ID,Strategy,Sentence_Index,Mean_Entropy,Max_Entropy,Std_Entropy,Text_Content
persona_58_Turn3,Logical Appeal,1,0.11529438506508548,0.6274869741298253,0.19543986459883067,"**Thought Process**: The conversation has just started with a friendly greeting from the Persuader, and the Persuadee responded positively."
persona_58_Turn3,Logical Appeal,2,0.299119822803278,1.2625464341136872,0.412557364635365,The Persuader needs to move from a general greeting to a more targeted approach to persuade the Persuadee to donate.
persona_58_Turn3,Logical Appeal,3,0.3345461284600257,1.052779194791066,0.36313923660126873,"At this early stage, it's important to establish a connection and introduce the cause."
persona_58_Turn3,Logical Appeal,4,0.35023167777499475,1.20897657601358,0.3750050769285407,"A logical appeal can help by presenting clear, factual information about the charity's mission and the impact of small donations."
persona_58_Turn3,Logical Appeal,5,0.5061158961443861,1.389221364308903,0.4995929563514411,This strategy will help the Persuadee understand the value and necessity of donating without overwhelming them with emotional pressure.
persona_58_Turn5,Donation Information,1,0.17868309301866922,1.30383815126376,0.3305377191832571,**Thought Process** : The Persuadee has expressed interest in the impact of donations but is seeking more specific information about how the funds are used.
persona_58_Turn5,Donation Information,2,0.14460163599724368,0.9866718513520054,0.31347474112664886,This indicates a need for transparency and credibility.
persona_58_Turn5,Donation Information,3,0.17492545710973825,1.2887031945160696,0.29306976569269905,"The next step should be to provide detailed information about the charity's operations and how donations are utilized, which would address the Persuadee's concern and build trust."
persona_58_Turn5,Donation Information,4,0.3119830688266073,1.0913221098446657,0.3706279144289978,"This aligns with the ""Donation Information"" strategy, as it provides clarity on the practical use of donations, reinforcing the value of contributing to Save the Children."
persona_58_Turn7,Personal Story,1,0.18899975860696466,1.2287153475838404,0.3004496902198079,**Thought Process** : The Persuadee has expressed interest in understanding how the funds are used and is asking for specific examples or success stories.
persona_58_Turn7,Personal Story,2,0.357342170048727,1.1908940810842936,0.42117512675647084,This indicates a desire for more concrete and emotional evidence of the charity's impact.
persona_58_Turn7,Personal Story,3,0.35224999239295013,1.2922699337630963,0.4307719948944368,Sharing a personal story or success story would address this need by providing a relatable and emotionally compelling example of how donations make a difference.
persona_58_Turn7,Personal Story,4,0.22762118186875638,1.0684453931988471,0.3267815298063364,"This aligns with the Emotion Appeal strategy, which aims to connect with the Persuadee on an emotional level by illustrating the real-world impact of donations."
persona_58_Turn9,Credibility Appeal,1,0.27056201341427083,1.3592159563528008,0.3663154542026496,**Thought Process** : The Persuadee has shown interest in the charity's impact but is seeking more concrete examples and statistics to validate the claims.
persona_58_Turn9,Credibility Appeal,2,0.4109090808251775,1.48557596068001,0.4756499839152019,They are likely looking for evidence of tangible outcomes and specific success stories to feel confident about their donation.
persona_58_Turn9,Credibility Appeal,3,0.4156035556079209,1.2648169937883056,0.4399912425125586,The previous use of a personal story was effective but the Persuadee is now requesting more detailed information.
persona_58_Turn9,Credibility Appeal,4,0.4002598644440413,1.4139397027288068,0.4320230058925262,"To address this, a Credibility Appeal would be most appropriate as it provides factual data and verification, which can enhance trust and encourage the Persuadee to donate."
persona_58_Turn11,Foot in the Door,1,0.22503639347615587,0.8708041328376195,0.285142471958528,**Thought Process** : The Persuadee has shown interest in the charity's impact but is hesitant to commit immediately.
persona_58_Turn11,Foot in the Door,2,0.17595371759421466,1.0173572230671475,0.3318899041605122,"They requested detailed examples and statistics, which were provided through a Credibility Appeal."
persona_58_Turn11,Foot in the Door,3,0.4616441876770022,1.0780996569060295,0.3897522666274136,"Now, they are indicating hesitation and need more time to think."
persona_58_Turn11,Foot in the Door,4,0.22496527413261638,0.7789417059911792,0.27768215342169644,"At this stage, the best approach is to use the **Foot in the Door** strategy."
persona_58_Turn11,Foot in the Door,5,0.15285193548668496,0.8923894990865971,0.2873380432328725,"This strategy involves asking for a small commitment or action that is easy to agree to, which can lead to a larger commitment later."
persona_58_Turn11,Foot in the Door,6,0.1705798452743292,0.9187061047499596,0.29232275393061147,"By suggesting a small donation or a simple action, the Persuader can encourage the Persuadee to take a step towards donating without feeling pressured."
persona_58_Turn11,Foot in the Door,7,0.26821665444211895,1.1687149817114357,0.36316883904407643,This approach respects the Persuadee's hesitation while still moving the conversation towards a donation.
persona_58_Turn13,Personal Story,1,0.32917745097912415,1.3612504645903396,0.3963206825860598,"**Thought Process** : The Persuadee has expressed interest but is still hesitant to commit, indicating a need for more personal connection or reassurance."
persona_58_Turn13,Personal Story,2,0.38089350866716887,1.0241801949134963,0.4128359791294941,"They have already received logical, credibility, and emotional appeals, but they are still not ready to donate."
persona_58_Turn13,Personal Story,3,0.5123098310417847,1.422338893608517,0.43234639430144844,"The next step should be to build a stronger emotional connection by sharing a personal story that highlights the impact of donations, which can help overcome hesitation and encourage a more personal commitment."
persona_58_Turn13,Personal Story,4,0.3629562907979165,1.374988363621447,0.4971413474962204,"A personal story can make the charity's mission more relatable and tangible, prompting the Persuadee to consider donating."
persona_58_Turn15,Credibility Appeal,1,0.2561108321068066,1.0481303814341705,0.3170625156023663,**Thought Process** : The Persuadee has shown interest in the charity's work but has expressed hesitance and a desire to take more time to think.
persona_58_Turn15,Credibility Appeal,2,0.2946377558053168,1.1860685384407341,0.40096724249311405,"They have already been provided with logical, emotional, and credibility appeals, as well as specific examples and donation information."
persona_58_Turn15,Credibility Appeal,3,0.3155403608624235,1.4330190601111135,0.4090742466878315,"The Persuader has used the ""Foot in the Door"" technique by suggesting a small donation, but the Persuadee is still hesitant."
persona_58_Turn15,Credibility Appeal,4,0.3783279990711068,1.4516049438637881,0.39923596264666505,"At this stage, it is important to respect their hesitation while reinforcing the value of their potential contribution without pushing too hard."
persona_58_Turn15,Credibility Appeal,5,0.411698264569945,1.3879291593012222,0.44829031345048864,"A gentle reminder of the positive impact of even small donations, framed in a way that respects their decision-making process, would be appropriate."
persona_58_Turn15,Credibility Appeal,6,0.5385584462252462,1.5354169102587012,0.4820218270748348,"This can be achieved through a **Credibility Appeal**, as it reinforces the effectiveness and impact of donations, which can subtly encourage them to take action when they are ready."
persona_58_Turn17,Personal Story,1,0.3275379574663019,1.0747882048414945,0.36488322127502687,**Thought Process** : The Persuadee has shown interest but is hesitant to commit to a donation immediately.
persona_58_Turn17,Personal Story,2,0.39136919080598376,1.249130587907296,0.44023153004063786,"They have requested more detailed examples and statistics, and while they acknowledge the impact of donations, they are still considering their options."
persona_58_Turn17,Personal Story,3,0.37252967487373223,1.0087141024184014,0.3789364186899332,"At this stage, it's important to reinforce the credibility and tangible impact of the charity without pressuring the Persuadee."
persona_58_Turn17,Personal Story,4,0.42715858584695227,1.4385183857964572,0.47164291392454016,"The last response included a Credibility Appeal with updated statistics, which has been well-received but not yet sufficient to overcome the hesitation."
persona_58_Turn17,Personal Story,5,0.47920077935397803,1.3604946017573067,0.4420646502806903,The next step would be to provide a personal story that illustrates the real-life impact of donations in a way that is emotionally engaging and reinforces the credibility of the charity.
persona_58_Turn17,Personal Story,6,0.599983124325306,1.4257295045301073,0.47818972802824006,This would help to make the donation feel more immediate and meaningful.
persona_58_Turn19,Foot in the Door,1,0.32247824224237626,1.371088447809174,0.4192469255173944,"**Thought Process** : The Persuadee has consistently expressed hesitation and a desire to take more time to decide, despite being presented with compelling logical, emotional, and credibility-based appeals."
persona_58_Turn19,Foot in the Door,2,0.3298158610539768,1.5316997624145596,0.472816357592327,"The Persuader has used a variety of strategies, including Personal Stories, Credibility Appeals, and Logical Appeals, but the Persuadee remains undecided."
persona_58_Turn19,Foot in the Door,3,0.3335890492499075,1.2272445428569874,0.3525336274748637,"At this point, the best approach is to acknowledge the Persuadee's need for time and offer a gentle, non-pressuring way to engage with the cause."
persona_58_Turn19,Foot in the Door,4,0.4547675406861274,1.3863008509796988,0.48013820303520705,"A ""Foot in the Door"" strategy could be effective here, as it allows the Persuadee to feel empowered by taking a small, low-commitment step, such as making a $1 donation, which can later be expanded if they feel more comfortable."
persona_58_Turn19,Foot in the Door,5,0.35265311850207093,1.1510237774270409,0.3814222415432718,This strategy respects the Persuadee's hesitation while still encouraging a positive action.
persona_13_Turn3,Logical Appeal,1,0.15587783412124806,0.6853952832932325,0.25330710360496517,"**Thought Process** : The Persuader has initiated the conversation with a greeting, and the Persuadee has responded positively."
persona_13_Turn3,Logical Appeal,2,0.09716847449530197,1.0015098425310687,0.2415588314011322,"The next step should be to introduce the purpose of the conversation, which is to persuade the Persuadee to donate to Save the Children."
persona_13_Turn3,Logical Appeal,3,0.2868209980508493,1.295892812889071,0.3814835319140692,A logical appeal would help establish the importance of the charity's work and the impact of small donations.
persona_13_Turn3,Logical Appeal,4,0.5302645212974224,1.1931788447769553,0.4612648337165024,"This strategy will provide a factual and reasoned basis for the donation request, making it more compelling."
persona_13_Turn5,Credibility Appeal,1,0.19078936047659142,1.0271822736362237,0.28650772024873866,"**Thought Process** : The Persuadee has expressed a concern about the transparency and effectiveness of the donation, specifically asking how they can be sure the money reaches those in need."
persona_13_Turn5,Credibility Appeal,2,0.17373416843074313,0.9179450410900666,0.32098981131681903,This indicates a need to address credibility and trust.
persona_13_Turn5,Credibility Appeal,3,0.19302539987928577,1.2954760962943381,0.3139446397604324,"The best strategy to respond to this concern would be to establish credibility by providing information about the charity's operations and transparency, which aligns with the Credibility Appeal strategy."
persona_13_Turn7,Personal Story,1,0.10976610409604812,1.263096422791264,0.25485321527549115,**Thought Process** : The Persuadee has expressed interest in the impact of donations and is now asking for specific examples of how Save the Children has made a difference recently.
persona_13_Turn7,Personal Story,2,0.3205307473179357,0.9246087889784125,0.3204691138706462,This indicates a desire for concrete evidence and real-world outcomes.
persona_13_Turn7,Personal Story,3,0.28116893343071764,1.1546400851030287,0.3577867278706144,"The best strategy to address this is to provide a specific story or example that illustrates the tangible impact of the charity's work, which would align with the Personal Story strategy."
persona_13_Turn7,Personal Story,4,0.3931618144829046,1.0684453931988471,0.4031655748119947,This approach would help build trust and further persuade the Persuadee by showing real-life success stories.
persona_13_Turn9,Donation Information,1,0.2233925027444678,0.9585545944429159,0.30685474121713435,**Thought Process** : The Persuadee has expressed interest in the charity's work but is now seeking more concrete data or reports before making a decision.
persona_13_Turn9,Donation Information,2,0.29496683565067644,1.069385448954029,0.3507534645029047,This indicates a need for more tangible evidence of the charity's impact.
persona_13_Turn9,Donation Information,3,0.25298222605950715,1.3840446252197975,0.39923496830154404,"The last strategy used was a Personal Story, which, while emotionally engaging, did not provide the specific data the Persuadee is looking for."
persona_13_Turn9,Donation Information,4,0.30800195170354544,1.2013236395373352,0.36006461872201184,"The next logical step is to provide specific, verifiable information about the charity's recent projects and outcomes."
persona_13_Turn9,Donation Information,5,0.29969688495407354,1.1501704398211614,0.3573069711071388,This would address the Persuadee's request for concrete data and help build trust through evidence-based information.
persona_13_Turn9,Donation Information,6,0.3314854554910511,1.1419884075931859,0.36578855209706185,"The most effective strategy here is to present Donation Information, which can include specific examples of how donations have been used and the measurable outcomes achieved."
persona_13_Turn9,Donation Information,7,0.30410816944021646,1.353333983474443,0.47349227237705666,This aligns with the Persuadee's current need for concrete evidence and supports the goal of persuading them to donate.
persona_13_Turn11,Source Related Inquiry,1,0.17940927034436435,0.9163617593434205,0.2946336762173649,**Thought Process** : The Persuadee has shown interest in the charity's impact and is now requesting specific data or reports to make an informed decision.
persona_13_Turn11,Source Related Inquiry,2,0.2310198919710494,0.9422691630814869,0.3264178468981625,This indicates they are looking for more concrete evidence of the charity's effectiveness and transparency.
persona_13_Turn11,Source Related Inquiry,3,0.2908804155174956,1.2582989476547877,0.4063467342034391,"The best strategy at this point would be to provide access to the detailed reports or data, which aligns with the Persuadee's request and helps build trust and credibility."
persona_13_Turn11,Source Related Inquiry,4,0.37648901801103646,1.3123866433445661,0.5138917282734701,This strategy will also support the overall goal of encouraging a donation by addressing the Persuadee's need for transparency and accountability.
persona_13_Turn13,Donation Information,1,0.11328003387446028,1.1322134052268353,0.2364395054485455,"**Thought Process** : The Persuadee has expressed a desire to see specific reports or data before considering a donation, indicating a need for more concrete evidence of Save the Children's impact."
persona_13_Turn13,Donation Information,2,0.22670681744835536,1.0622509623845342,0.298466345734986,"The previous strategies have focused on emotional appeal, credibility, and personal stories, but the Persuadee is now seeking more factual and verifiable information."
persona_13_Turn13,Donation Information,3,0.2545611347420666,1.0017911368583923,0.31828488106521013,"The next logical step is to provide access to specific reports or data, which would address the Persuadee's concern and build trust."
persona_13_Turn13,Donation Information,4,0.271825067229052,0.9422691630814869,0.3274756494136594,This would align with the Persuadee's request and move the conversation closer to a donation.
persona_13_Turn15,Source Related Inquiry,1,0.22813885665667294,1.1667803925317957,0.3672260649647883,"**Thought Process** : The conversation has progressed through various strategies, starting with a greeting and moving through logical, credibility, and personal story appeals."
persona_13_Turn15,Source Related Inquiry,2,0.39239958002580244,1.0780996569060295,0.42807897209989443,The Persuadee has expressed a desire for concrete data and specific examples of impact.
persona_13_Turn15,Source Related Inquiry,3,0.21340574149389915,1.310520204485606,0.33960615007396044,The Persuader has provided donation information and directed the Persuadee to the organization's website for detailed reports.
persona_13_Turn15,Source Related Inquiry,4,0.21530931178736984,1.157302995942622,0.3220839494424231,The last response from the Persuadee indicates they still want specific reports or data before deciding.
persona_13_Turn15,Source Related Inquiry,5,0.44300306924867566,1.439211400015089,0.4757940611611305,"The best next step would be to provide the Persuadee with a direct link or source to the detailed reports or data, ensuring transparency and fulfilling their request for specific information."
persona_13_Turn15,Source Related Inquiry,6,0.2100374341729824,0.9499305582893547,0.28255146314760005,This would align with the Persuader's goal of convincing the Persuadee to donate by addressing their concern for accountability and impact.
persona_13_Turn17,Foot in the Door,1,0.35871642103744555,1.3780035595093314,0.4258096215055355,"**Thought Process** : The conversation has progressed through various stages, with the Persuadee expressing appreciation for the information but still seeking concrete data before making a decision."
persona_13_Turn17,Foot in the Door,2,0.1235184501971906,1.1783770553232678,0.29424634293917,"The Persuader has already used several strategies, including Greeting, Logical Appeal, Credibility Appeal, Personal Story, Donation Information, and Source Related Inquiry."
persona_13_Turn17,Foot in the Door,3,0.39428202280799135,1.1650880274758046,0.42952176140044845,"The Persuadee is now indicating a desire to review Save the Children’s reports before deciding, which suggests they are cautious and value transparency."
persona_13_Turn17,Foot in the Door,4,0.33508064316091785,1.1235749486985838,0.35423851642208015,"At this point, the Persuader has effectively provided information, and the Persuadee is moving toward a decision-making phase."
persona_13_Turn17,Foot in the Door,5,0.4336179254704641,1.396973590318752,0.4164830592194018,"The best next step would be to acknowledge the Persuadee’s request and gently encourage them to take action, such as visiting the website or considering a donation after reviewing the reports."
persona_13_Turn17,Foot in the Door,6,0.3357890995794349,1.3980488415077148,0.4770774300070339,"This aligns with the Foot in the Door strategy, as it opens the door for a potential donation without being pushy."
persona_13_Turn19,Source Related Inquiry,1,0.28340606328929363,1.0023219965326198,0.3209374667579421,"**Thought Process** : The Persuadee has expressed a desire to review detailed reports and data before making a donation, indicating a need for more concrete information and transparency."
persona_13_Turn19,Source Related Inquiry,2,0.2861600339714362,1.3272533519306653,0.338847620356035,"The Persuader has already provided some information about the charity's credibility and impact, but the Persuadee is still seeking specific evidence."
persona_13_Turn19,Source Related Inquiry,3,0.18918164498524906,1.4454647550669915,0.34275605515719526,"The last response from the Persuader was a ""Foot in the Door"" strategy, suggesting a small donation, but the Persuadee is not ready to commit yet."
persona_13_Turn19,Source Related Inquiry,4,0.3179434267522894,1.4727636519236331,0.4198555643592054,"The best strategy now would be to provide the Persuadee with the specific information they are seeking, such as links to reports or data, to help them make an informed decision."
persona_13_Turn19,Source Related Inquiry,5,0.339327128159945,1.4165227718911326,0.3963982745576662,This aligns with the Persuadee's expressed need for more concrete evidence and would help build trust and credibility.
persona_141_Turn3,Credibility Appeal,1,0.07522360860825035,1.2272298813668616,0.2524883680829592,"**Thought Process** : The Persuader started with a greeting, and the Persuadee responded with a mix of anxiety and willingness to help."
persona_141_Turn3,Credibility Appeal,2,0.2636704719357812,0.7470970229518308,0.2906107341182403,This indicates the Persuadee is open to the conversation but may be emotionally sensitive.
persona_141_Turn3,Credibility Appeal,3,0.3347629354032312,1.2625464341136872,0.4228518114919213,The next step should be to build trust and establish a connection.
persona_141_Turn3,Credibility Appeal,4,0.32771842983896676,1.2936110810577972,0.3766537692625084,"A credibility appeal can help by establishing the legitimacy and impact of the charity, which is essential for convincing someone to donate."
persona_141_Turn3,Credibility Appeal,5,0.38042114194492405,1.2979550900759842,0.3902943536983351,This strategy will provide the Persuadee with confidence in the cause and encourage them to consider donating.
persona_141_Turn5,Donation Information,1,0.12415356341301624,0.6628473073993157,0.24077826306237832,**Thought Process** : The Persuader has already established credibility by mentioning Save the Children's reputation and impact.
persona_141_Turn5,Donation Information,2,0.07900698348703679,0.8946577612709731,0.22035772377355853,The Persuadee is now asking for specific information about how donations are used and the programs run by the charity.
persona_141_Turn5,Donation Information,3,0.23668875233645453,1.2973209484561181,0.3673270349197792,This indicates they are interested in understanding the practical applications and transparency of the charity.
persona_141_Turn5,Donation Information,4,0.1761297202769895,0.9422691739507916,0.2824074579960392,"The next logical step is to provide detailed information about the charity's programs and how donations are utilized, which will address the Persuadee's inquiry and further build trust and understanding."
persona_141_Turn7,Personal Story,1,0.20170010121853915,1.236537915873475,0.30967858217931943,"**Thought Process** : The Persuader has already established credibility and provided basic donation information, and the Persuadee is seeking more detailed information about the specific programs and how funds are used."
persona_141_Turn7,Personal Story,2,0.30167908701093094,1.1614697021618343,0.37633407861468254,The Persuadee is showing interest but needs more concrete details to feel confident about donating.
persona_141_Turn7,Personal Story,3,0.2076562613415293,1.0316156021876357,0.3019919352573488,"The next logical step is to provide a personal story or a specific example of how donations have made a difference, which can create an emotional connection and make the impact of donations more tangible."
persona_141_Turn9,Credibility Appeal,1,0.31251076912830744,1.1881571884672628,0.39420400885882195,"**Thought Process**: The conversation is currently focused on transparency and accountability, with the Persudee seeking reassurance about how donations are managed."
persona_141_Turn9,Credibility Appeal,2,0.26764365617939767,1.1765109207843878,0.37135469830275153,"The Persuder has already provided information about donation methods, life-saving programs, and a personal story, but the Persudee is now looking for more concrete evidence of the charity's reliability."
persona_141_Turn9,Credibility Appeal,3,0.4535789226694056,1.3941985021541317,0.48766437594865497,"At this stage, the most effective strategy would be to strengthen the credibility of Save the Children by highlighting its track record, certifications, or third-party validations."
persona_141_Turn9,Credibility Appeal,4,0.3416924548838977,0.9059592656762574,0.30517525531544526,This would directly address the Persudee's concern and reinforce trust in the charity's operations.
persona_141_Turn11,Foot in the Door,1,0.3467052342421744,1.4495516905307344,0.39611564447835607,**Thought Process** : The Persuadee has shown interest in the charity and its impact but is still hesitant to donate immediately.
persona_141_Turn11,Foot in the Door,2,0.3602780857247446,1.4385741917880712,0.4658458736434859,"They asked for clarification on transparency and accountability, which are critical concerns for potential donors."
persona_141_Turn11,Foot in the Door,3,0.28514483751070363,1.3539920794420264,0.39719739264332027,"The Persuader has already addressed credibility and donation options, but the Persuadee needs more reassurance."
persona_141_Turn11,Foot in the Door,4,0.30396867589314536,1.0986122916069843,0.37076498461380875,"At this stage, the best approach is to use the ""Foot in the Door"" strategy to lower the psychological barrier to donating."
persona_141_Turn11,Foot in the Door,5,0.1983836951966355,1.0453256890388363,0.3409119116979276,"By suggesting a small, low-commitment action, such as making a $1 donation, the Persuader can encourage the Persuadee to take a small step toward contributing without feeling pressured."
persona_141_Turn11,Foot in the Door,6,0.3142996565494587,0.9105683942297627,0.3445829195936841,This strategy helps build momentum toward a larger donation in the future.
persona_141_Turn13,Personal Story,1,0.14250658104274977,0.7547553686679686,0.2548822700540537,**Thought Process** : The Persuadee has expressed hesitation and is still unsure about committing to a donation.
persona_141_Turn13,Personal Story,2,0.35204132212887973,1.015882086149346,0.33519886072287913,"They have already received information about the charity, its credibility, and specific donation options."
persona_141_Turn13,Personal Story,3,0.259459019780039,1.1962038543718865,0.37262320311780706,"The Persuader has used multiple strategies, including Credibility Appeal and Foot in the Door, but the Persuadee remains undecided."
persona_141_Turn13,Personal Story,4,0.5479813594667812,1.441013244593621,0.48948333768376007,"At this point, it would be more effective to focus on the emotional impact of the donation and the positive change it can bring, using a Personal Story to create a more personal and relatable connection."
persona_141_Turn13,Personal Story,5,0.6558810583877871,1.3976034542199982,0.46628910583725125,"This approach can help overcome hesitation and encourage a more emotional response, which might lead to a donation."
persona_141_Turn15,Source Related Inquiry,1,0.2003548599403087,0.8708041328376195,0.2867817548044989,"**Thought Process** : The Persuadee has shown interest but remains hesitant, indicating they need more reassurance or a different angle to feel comfortable with donating."
persona_141_Turn15,Source Related Inquiry,2,0.19789587526839592,1.371088388930832,0.36927402382483804,"The previous strategies (Credibility Appeal, Personal Story, Foot in the Door) have been used, but the Persuadee is still not ready to commit."
persona_141_Turn15,Source Related Inquiry,3,0.3858698556893777,1.3725313668208503,0.4872804608751844,"At this point, using a **Source Related Inquiry** could help the Persuadee feel more connected to the cause and give them a sense of involvement, potentially reducing their hesitation by involving them in the decision-making process."
persona_141_Turn17,Foot in the Door,1,0.2622434307589486,1.301486711253733,0.33350720881474877,"**Thought Process**: The dialogue history shows that the Persuadee has been asking for more information about Save the Children's programs, transparency, and impact."
persona_141_Turn17,Foot in the Door,2,0.5689933571486279,1.2777061058979327,0.40784213586593165,They have expressed interest but remain hesitant to commit.
persona_141_Turn17,Foot in the Door,3,0.22524095436984937,1.2522756996983482,0.36503318020348224,"The Persuader has used a variety of strategies including Credibility Appeal, Donation Information, Personal Story, and Source Related Inquiry, which have provided the Persuadee with factual and emotional information."
persona_141_Turn17,Foot in the Door,4,0.20748498606518975,1.0377070862745883,0.35799442681357563,"However, the Persuadee is still hesitant and needs more time to decide."
persona_141_Turn17,Foot in the Door,5,0.3871038561082974,1.2992769731659353,0.4582171393959918,"The next step should be to use a strategy that encourages the Persuadee to take a small step towards donating, which can lead to a larger commitment."
persona_141_Turn17,Foot in the Door,6,0.293469276624833,1.3708117384073257,0.4156915115700996,"The Foot in the Door technique is effective in this context as it starts with a small request, making it easier for the Persuadee to agree."
persona_141_Turn19,Source Related Inquiry,1,0.3145013261556975,1.1907941637051709,0.3967158182321349,"**Thought Process** : The dialogue has progressed through various strategies including credibility, personal stories, and donation information."
persona_141_Turn19,Source Related Inquiry,2,0.25471988702604353,1.0259921868464115,0.32353319579083045,"The Persuadee has expressed appreciation but remains hesitant, indicating a need for further reassurance or a different approach."
persona_141_Turn19,Source Related Inquiry,3,0.27175166798124367,0.9816237683353457,0.33293663026048737,"The last response from the Persuader was a foot-in-the-door technique, but the Persuadee still feels uncertain."
persona_141_Turn19,Source Related Inquiry,4,0.3671558893630338,1.4078876755987326,0.44659992370176116,"At this point, using a **Source Related Inquiry** could help gauge the Persuadee’s existing knowledge and openness to the charity, potentially leading to a more informed and willing response."
