Sample_ID,Round,Role,Strategy,Sentence_Index,Mean_Entropy,Max_Entropy,Std_Entropy,Text_Content,Phase
persona_115_Turn2,2,Persuader,The most appropriate strategy is [<<Emotion Appeal>>],1,0.3230622846287929,1.3375214923444516,0.46801049614855117,<response> That sounds like a fun and creative project!,Response
persona_115_Turn2,2,Persuader,The most appropriate strategy is [<<Emotion Appeal>>],2,0.4468118664103024,1.0989478711533178,0.42130316937959955,I can imagine how much effort goes into developing new recipes.,Response
persona_115_Turn2,2,Persuader,The most appropriate strategy is [<<Emotion Appeal>>],3,0.41811525525804916,1.2414372489848318,0.48815856321025886,It’s amazing how small actions can make a big difference.,Response
persona_115_Turn2,2,Persuader,The most appropriate strategy is [<<Emotion Appeal>>],4,0.28960658236671977,1.1152816164172465,0.39280834250172103,Did you know that children in some parts of the world don’t have access to basic necessities like food or clean water?,Response
persona_115_Turn2,2,Persuader,The most appropriate strategy is [<<Emotion Appeal>>],5,0.3650690983055273,1.4658024456447785,0.4688804933772205,Even a small donation can help provide a child with something as simple as a meal or a safe place to sleep.,Response
persona_115_Turn2,2,Persuader,The most appropriate strategy is [<<Emotion Appeal>>],6,0.4515551433447206,1.2530758292579398,0.4051761551171718,"It’s easy to feel overwhelmed, but every bit helps — and it’s a way to make a real impact, just like your pet food work.",Response
persona_115_Turn3,3,Persuader,"The most appropriate strategy is [<<Foot in the Door>>]. The persuadee has shown interest in the issue but needs more reassurance or a lower commitment to feel comfortable with donating. The ""Foot in the Door"" technique involves asking for a small, easy commitment first, which increases the likelihood of them agreeing to a larger request later. This strategy works well when the person is hesitant but still interested in the cause",1,0.1304028492060696,0.9343287543320278,0.2748012361696271,<response> I completely understand—sometimes it's hard to know where to start.,Response
persona_115_Turn3,3,Persuader,"The most appropriate strategy is [<<Foot in the Door>>]. The persuadee has shown interest in the issue but needs more reassurance or a lower commitment to feel comfortable with donating. The ""Foot in the Door"" technique involves asking for a small, easy commitment first, which increases the likelihood of them agreeing to a larger request later. This strategy works well when the person is hesitant but still interested in the cause",2,0.29471318410466363,1.2767873159888314,0.4276034180307362,What if we started with something small?,Response
persona_115_Turn3,3,Persuader,"The most appropriate strategy is [<<Foot in the Door>>]. The persuadee has shown interest in the issue but needs more reassurance or a lower commitment to feel comfortable with donating. The ""Foot in the Door"" technique involves asking for a small, easy commitment first, which increases the likelihood of them agreeing to a larger request later. This strategy works well when the person is hesitant but still interested in the cause",3,0.40046569893210615,1.0586628052664406,0.44931723670420187,"For example, you could consider donating just $1 or $2 today.",Response
persona_115_Turn3,3,Persuader,"The most appropriate strategy is [<<Foot in the Door>>]. The persuadee has shown interest in the issue but needs more reassurance or a lower commitment to feel comfortable with donating. The ""Foot in the Door"" technique involves asking for a small, easy commitment first, which increases the likelihood of them agreeing to a larger request later. This strategy works well when the person is hesitant but still interested in the cause",4,0.27391446278947146,0.972460222747471,0.3489240520228109,That amount can help provide a child with a meal or a safe place to sleep.,Response
persona_115_Turn3,3,Persuader,"The most appropriate strategy is [<<Foot in the Door>>]. The persuadee has shown interest in the issue but needs more reassurance or a lower commitment to feel comfortable with donating. The ""Foot in the Door"" technique involves asking for a small, easy commitment first, which increases the likelihood of them agreeing to a larger request later. This strategy works well when the person is hesitant but still interested in the cause",5,0.2633969099033508,1.0977056152717706,0.384160661656627,"It’s a tiny step, but it can make a huge difference.",Response
persona_115_Turn3,3,Persuader,"The most appropriate strategy is [<<Foot in the Door>>]. The persuadee has shown interest in the issue but needs more reassurance or a lower commitment to feel comfortable with donating. The ""Foot in the Door"" technique involves asking for a small, easy commitment first, which increases the likelihood of them agreeing to a larger request later. This strategy works well when the person is hesitant but still interested in the cause",6,0.14472390240088043,0.6274869741298253,0.25184380864943,Would you be open to trying that?,Response
persona_115_Turn4,4,Persuader,"The persuadee is looking for reassurance and credibility before committing to a donation. They need to feel confident that their contribution will be used effectively and that their donation will make a real difference. Providing clear, factual information about how donations are used and the charity's credibility is essential to build trust and encourage them to take the next step. The ""Credibility Appeal"" strategy is ideal here, as it focuses on demonstrating the reliability, transparency, and effectiveness of the charity to instill confidence in the persuadee. The most appropriate strategy is [<<Credibility Appeal>>]",1,0.252803942747348,1.1097670126360861,0.3428904629474873,<response> I completely understand the importance of knowing where your donation goes.,Response
persona_115_Turn4,4,Persuader,"The persuadee is looking for reassurance and credibility before committing to a donation. They need to feel confident that their contribution will be used effectively and that their donation will make a real difference. Providing clear, factual information about how donations are used and the charity's credibility is essential to build trust and encourage them to take the next step. The ""Credibility Appeal"" strategy is ideal here, as it focuses on demonstrating the reliability, transparency, and effectiveness of the charity to instill confidence in the persuadee. The most appropriate strategy is [<<Credibility Appeal>>]",2,0.3242252806328446,1.1084052272405727,0.42500299477087,Save the Children is a trusted organization with a proven track record of delivering aid to children in need.,Response
persona_115_Turn4,4,Persuader,"The persuadee is looking for reassurance and credibility before committing to a donation. They need to feel confident that their contribution will be used effectively and that their donation will make a real difference. Providing clear, factual information about how donations are used and the charity's credibility is essential to build trust and encourage them to take the next step. The ""Credibility Appeal"" strategy is ideal here, as it focuses on demonstrating the reliability, transparency, and effectiveness of the charity to instill confidence in the persuadee. The most appropriate strategy is [<<Credibility Appeal>>]",3,0.20494053931499134,1.1359564026746527,0.3357826739366285,"Every dollar you give goes directly toward providing food, clean water, education, and medical care to children in poverty-stricken areas and war zones.",Response
persona_115_Turn4,4,Persuader,"The persuadee is looking for reassurance and credibility before committing to a donation. They need to feel confident that their contribution will be used effectively and that their donation will make a real difference. Providing clear, factual information about how donations are used and the charity's credibility is essential to build trust and encourage them to take the next step. The ""Credibility Appeal"" strategy is ideal here, as it focuses on demonstrating the reliability, transparency, and effectiveness of the charity to instill confidence in the persuadee. The most appropriate strategy is [<<Credibility Appeal>>]",4,0.28334302315359855,0.84581382786266,0.3018315598680373,"We are a transparent organization, and you can view our reports and impact stories on our website.",Response
persona_115_Turn4,4,Persuader,"The persuadee is looking for reassurance and credibility before committing to a donation. They need to feel confident that their contribution will be used effectively and that their donation will make a real difference. Providing clear, factual information about how donations are used and the charity's credibility is essential to build trust and encourage them to take the next step. The ""Credibility Appeal"" strategy is ideal here, as it focuses on demonstrating the reliability, transparency, and effectiveness of the charity to instill confidence in the persuadee. The most appropriate strategy is [<<Credibility Appeal>>]",5,0.39907866281930227,1.3022274161291225,0.4260122554478697,Would you like me to share more about our work or how your donation can make a difference today,Response
